grid_case,depth_mm,dt_ns,horizon_ns,seed,n,diffusion,mean,sem,no_trapping_mean,no_trapping_sem,integrity_pass
baseline,0.1,2.0,5000.0,2609261,1,false,0.0,nothing,0.0,nothing,true
baseline,0.3,2.0,5000.0,2609261,1,false,0.0,nothing,0.0,nothing,true
baseline,0.45,2.0,5000.0,2609261,1,false,0.0,nothing,0.0,nothing,true
baseline,0.5,2.0,5000.0,2609261,1,false,0.0,nothing,0.0,nothing,true
baseline,0.55,2.0,5000.0,2609261,1,false,0.9978987426849376,nothing,0.9999999939332852,nothing,true
baseline,0.6,2.0,5000.0,2609261,1,false,0.9998983545797274,nothing,0.9999999942141149,nothing,true
baseline,0.65,2.0,5000.0,2609261,1,false,0.9998996655698125,nothing,0.9999999946048354,nothing,true
baseline,0.8,2.0,5000.0,2609261,1,false,0.9999009819675091,nothing,0.9999999938248098,nothing,true
baseline,1.0,2.0,5000.0,2609261,1,false,0.9999019226089765,nothing,0.9999999945589264,nothing,true
baseline,0.1,2.0,5000.0,2609261,32,true,0.022746967517942293,0.0089769589671343,0.24999999985035587,0.07777137703629904,true
baseline,0.1,2.0,5000.0,2609262,32,true,0.02192581861764441,0.009737864495876915,0.21874999980788043,0.07424858801852915,true
baseline,0.1,2.0,5000.0,2609263,32,true,0.035204442445743944,0.017679441929725693,0.1249999996240499,0.059398870379989886,true
baseline,0.3,2.0,5000.0,2609261,32,true,0.24586363044238901,0.051655117447279554,0.5624999987022795,0.08909830545654471,true
baseline,0.3,2.0,5000.0,2609262,32,true,0.16053996524749442,0.04347613047101745,0.4062499985902035,0.08820996528473252,true
baseline,0.3,2.0,5000.0,2609263,32,true,0.1759903674964734,0.04120511997275086,0.5624999985361091,0.08909830550476107,true
baseline,0.45,2.0,5000.0,2609261,32,true,0.6377082152307199,0.06592483680440901,0.8437499983331275,0.06521328218435155,true
baseline,0.45,2.0,5000.0,2609262,32,true,0.588637179951883,0.0688547604934016,0.7812499983464503,0.07424858809462691,true
baseline,0.45,2.0,5000.0,2609263,32,true,0.6330278765584916,0.06547214644316454,0.8437499983547891,0.06521328199666343,true
baseline,0.5,2.0,5000.0,2609261,32,true,0.8627887612097378,0.04572576211288918,0.968749998145258,0.031249999999960518,true
baseline,0.5,2.0,5000.0,2609262,32,true,0.8406118292293366,0.050026522785520555,0.9687499982427973,0.03124999994331603,true
baseline,0.5,2.0,5000.0,2609263,32,true,0.828995693420738,0.05350579828454733,0.906249998146744,0.052351460266324916,true
baseline,0.55,2.0,5000.0,2609261,32,true,0.9978990094446467,1.4898737099427732e-7,0.9999999981452727,3.618488367253581e-10,true
baseline,0.55,2.0,5000.0,2609262,32,true,0.9978988311279546,1.8494304630561105e-7,0.9999999982427689,3.651325135012964e-10,true
baseline,0.55,2.0,5000.0,2609263,32,true,0.9978988912505138,1.4042515812128475e-7,0.9999999981441897,3.8480040909651386e-10,true
baseline,0.6,2.0,5000.0,2609261,32,true,0.9998986807160853,1.4127897745902068e-7,0.9999999981449147,3.6185831164823187e-10,true
baseline,0.6,2.0,5000.0,2609262,32,true,0.9998985823768729,1.8507688758643116e-7,0.9999999982428833,3.651093428036331e-10,true
baseline,0.6,2.0,5000.0,2609263,32,true,0.99989851265243,1.293568849871519e-7,0.9999999981544782,3.8361537917953187e-10,true
baseline,0.65,2.0,5000.0,2609261,32,true,0.9998994448234735,1.2413715109685932e-7,0.9999999982555603,3.6292036819873286e-10,true
baseline,0.65,2.0,5000.0,2609262,32,true,0.9998993596276604,1.5230715711536716e-7,0.9999999982432509,3.650315952526264e-10,true
baseline,0.65,2.0,5000.0,2609263,32,true,0.9998994454550919,1.2188630413468536e-7,0.9999999981683819,3.826940079523455e-10,true
baseline,0.8,2.0,5000.0,2609261,32,true,0.9999010426733462,1.3705020075066332e-7,0.999999998146936,3.615636752327833e-10,true
baseline,0.8,2.0,5000.0,2609262,32,true,0.9999008438051089,1.8288259081811498e-7,0.9999999982438246,3.6496386928822475e-10,true
baseline,0.8,2.0,5000.0,2609263,32,true,0.9999009232430399,1.2875386051336222e-7,0.99999999814209,3.8509344288292485e-10,true
baseline,1.0,2.0,5000.0,2609261,32,true,0.9999019767987348,1.3060108353409096e-7,0.9999999982585048,3.6220668110845193e-10,true
baseline,1.0,2.0,5000.0,2609262,32,true,0.9999019033159012,1.6031960008836396e-7,0.9999999982458917,3.64618006951711e-10,true
baseline,1.0,2.0,5000.0,2609263,32,true,0.9999019676098098,1.030907865937352e-7,0.9999999981685259,3.823546643402721e-10,true
baseline,0.3,4.0,5000.0,2609261,32,true,0.16671430129010278,0.03966776494721337,0.46874999900055936,0.08962708367312915,true
baseline,0.3,2.0,10000.0,2609261,32,true,0.19613550299520904,0.04966942302346514,0.46874999959379965,0.08962708358034001,true
baseline,0.3,4.0,5000.0,2609262,32,true,0.13910287322059342,0.04624218487999558,0.3439003733424508,0.08528571633573476,true
baseline,0.3,2.0,10000.0,2609262,32,true,0.19920834775210847,0.0496988302689428,0.4374999994510756,0.08909830564072756,true
baseline,0.3,4.0,5000.0,2609263,32,true,0.22744480509799025,0.05243978305997044,0.5312499988539312,0.08962708355830092,true
baseline,0.3,2.0,10000.0,2609263,32,true,0.18672868543501045,0.04545442251631022,0.6249999994063913,0.08695104303534097,true
baseline,0.55,4.0,5000.0,2609261,32,true,0.9985223250442814,0.00034092284661595455,0.9999999984649651,3.6220953357721686e-10,true
baseline,0.55,2.0,10000.0,2609261,32,true,0.9978988090817722,1.538686594258883e-7,0.999999999351453,2.6299026296634806e-10,true
baseline,0.55,4.0,5000.0,2609262,32,true,0.998772121813587,0.0003227277916549027,0.9999999976597935,4.288664182936855e-10,true
baseline,0.55,2.0,10000.0,2609262,32,true,0.997899031659535,1.3351808764546194e-7,0.9999999994257336,2.6000310839758006e-10,true
baseline,0.55,4.0,5000.0,2609263,32,true,0.9990221029264071,0.00029669685469458333,0.9999999986263715,3.2980919155578423e-10,true
baseline,0.55,2.0,10000.0,2609263,32,true,0.9978985723468301,1.5051502129553122e-7,0.9999999994063737,2.7894362479723067e-10,true
baseline,0.8,4.0,5000.0,2609261,32,true,0.999901931875208,2.2274429523293386e-7,0.9999999988300006,3.441747621629714e-10,true
baseline,0.8,2.0,10000.0,2609261,32,true,0.9999009126127999,1.5666037245734647e-7,0.9999999993521177,2.6273179471270737e-10,true
baseline,0.8,4.0,5000.0,2609262,32,true,0.9999016666466768,1.9483103586418388e-7,0.9999999981416572,4.183763993756933e-10,true
baseline,0.8,2.0,10000.0,2609262,32,true,0.9999010833775449,1.272754685210241e-7,0.9999999994259774,2.598968477730704e-10,true
baseline,0.8,4.0,5000.0,2609263,32,true,0.9999025917388391,1.863451886759868e-7,0.9999999989700024,3.2399619859050424e-10,true
baseline,0.8,2.0,10000.0,2609263,32,true,0.999900584691397,1.371925674573338e-7,0.9999999994066914,2.787954565167386e-10,true
contrast50,0.5,2.0,5000.0,2609261,32,true,0.8627887612097378,0.04572576211288918,0.968749998145258,0.031249999999960518,true
contrast50,0.5,2.0,5000.0,2609262,32,true,0.8406118292293366,0.050026522785520555,0.9687499982427973,0.03124999994331603,true
contrast50,0.5,2.0,5000.0,2609263,32,true,0.828995693420738,0.05350579828454733,0.906249998146744,0.052351460266324916,true
contrast50,0.55,2.0,5000.0,2609261,32,true,0.9978990094446467,1.4898737099427732e-7,0.9999999981452727,3.618488367253581e-10,true
contrast50,0.55,2.0,5000.0,2609262,32,true,0.9978988311279546,1.8494304630561105e-7,0.9999999982427689,3.651325135012964e-10,true
contrast50,0.55,2.0,5000.0,2609263,32,true,0.9978988912505138,1.4042515812128475e-7,0.9999999981441897,3.8480040909651386e-10,true
contrast50,0.6,2.0,5000.0,2609261,32,true,0.9998986807160853,1.4127897745902068e-7,0.9999999981449147,3.6185831164823187e-10,true
contrast50,0.6,2.0,5000.0,2609262,32,true,0.9998985823768729,1.8507688758643116e-7,0.9999999982428833,3.651093428036331e-10,true
contrast50,0.6,2.0,5000.0,2609263,32,true,0.99989851265243,1.293568849871519e-7,0.9999999981544782,3.8361537917953187e-10,true
contrast25,0.5,2.0,5000.0,2609261,32,true,0.9948592248017176,0.00017778258173957342,0.9999328183475023,1.4239002098164723e-5,true
contrast25,0.5,2.0,5000.0,2609262,32,true,0.9947252213818168,0.00019747228256344527,0.9999333497610441,1.4328625840929464e-5,true
contrast25,0.5,2.0,5000.0,2609263,32,true,0.9946679414851199,0.00017885276715114796,0.9999345581393998,1.538329504899317e-5,true
contrast25,0.55,2.0,5000.0,2609261,32,true,0.9987248124546626,0.0001797033761141812,0.9999328185187782,1.4239010421817e-5,true
contrast25,0.55,2.0,5000.0,2609262,32,true,0.9987152109487044,0.0001791029427492544,0.9999333485277107,1.4328837866536181e-5,true
contrast25,0.55,2.0,5000.0,2609263,32,true,0.9983458753646449,0.0001654074391154955,0.9999345508842232,1.5384332991727668e-5,true
contrast25,0.6,2.0,5000.0,2609261,32,true,0.9997256077268746,6.093390810555849e-6,0.9999328261039837,1.4237494777995865e-5,true
contrast25,0.6,2.0,5000.0,2609262,32,true,0.9997159452806906,7.264527067577582e-6,0.9999333547795088,1.4327840049515672e-5,true
contrast25,0.6,2.0,5000.0,2609263,32,true,0.9997211496968968,6.0091814529743565e-6,0.9999345610243686,1.5383002598062202e-5,true
