stage,bin,lower_keV,upper_keV,count,per_initial_primary,per_initial_decay,per_emitted_660_663_keV_photon,per_accepted_pulse
"accepted_peak_ADC","201","5","10","1","0.0001","0.0001","0.00011845534233593936","0.008849557522123894"
"accepted_peak_ADC","202","10","15","1","0.0001","0.0001","0.00011845534233593936","0.008849557522123894"
"accepted_peak_ADC","203","15","20","2","0.0002","0.0002","0.00023691068467187872","0.017699115044247787"
"accepted_peak_ADC","205","25","30","1","0.0001","0.0001","0.00011845534233593936","0.008849557522123894"
"accepted_peak_ADC","206","30","35","24","0.0024","0.0024","0.0028429282160625444","0.21238938053097345"
"accepted_peak_ADC","207","35","40","5","0.0005","0.0005","0.0005922767116796967","0.04424778761061947"
"accepted_peak_ADC","209","45","50","1","0.0001","0.0001","0.00011845534233593936","0.008849557522123894"
"accepted_peak_ADC","211","55","60","3","0.0003","0.0003","0.00035536602700781805","0.02654867256637168"
"accepted_peak_ADC","212","60","65","2","0.0002","0.0002","0.00023691068467187872","0.017699115044247787"
"accepted_peak_ADC","213","65","70","2","0.0002","0.0002","0.00023691068467187872","0.017699115044247787"
"accepted_peak_ADC","215","75","80","1","0.0001","0.0001","0.00011845534233593936","0.008849557522123894"
"accepted_peak_ADC","216","80","85","4","0.0004","0.0004","0.00047382136934375743","0.035398230088495575"
"accepted_peak_ADC","217","85","90","1","0.0001","0.0001","0.00011845534233593936","0.008849557522123894"
"accepted_peak_ADC","218","90","95","1","0.0001","0.0001","0.00011845534233593936","0.008849557522123894"
"accepted_peak_ADC","219","95","100","1","0.0001","0.0001","0.00011845534233593936","0.008849557522123894"
"accepted_peak_ADC","223","115","120","1","0.0001","0.0001","0.00011845534233593936","0.008849557522123894"
"accepted_peak_ADC","225","125","130","2","0.0002","0.0002","0.00023691068467187872","0.017699115044247787"
"accepted_peak_ADC","228","140","145","1","0.0001","0.0001","0.00011845534233593936","0.008849557522123894"
"accepted_peak_ADC","229","145","150","2","0.0002","0.0002","0.00023691068467187872","0.017699115044247787"
"accepted_peak_ADC","230","150","155","1","0.0001","0.0001","0.00011845534233593936","0.008849557522123894"
"accepted_peak_ADC","231","155","160","3","0.0003","0.0003","0.00035536602700781805","0.02654867256637168"
"accepted_peak_ADC","234","170","175","1","0.0001","0.0001","0.00011845534233593936","0.008849557522123894"
"accepted_peak_ADC","235","175","180","1","0.0001","0.0001","0.00011845534233593936","0.008849557522123894"
"accepted_peak_ADC","237","185","190","1","0.0001","0.0001","0.00011845534233593936","0.008849557522123894"
"accepted_peak_ADC","238","190","195","1","0.0001","0.0001","0.00011845534233593936","0.008849557522123894"
"accepted_peak_ADC","239","195","200","2","0.0002","0.0002","0.00023691068467187872","0.017699115044247787"
"accepted_peak_ADC","241","205","210","3","0.0003","0.0003","0.00035536602700781805","0.02654867256637168"
"accepted_peak_ADC","245","225","230","1","0.0001","0.0001","0.00011845534233593936","0.008849557522123894"
"accepted_peak_ADC","246","230","235","1","0.0001","0.0001","0.00011845534233593936","0.008849557522123894"
"accepted_peak_ADC","247","235","240","1","0.0001","0.0001","0.00011845534233593936","0.008849557522123894"
"accepted_peak_ADC","253","265","270","1","0.0001","0.0001","0.00011845534233593936","0.008849557522123894"
"accepted_peak_ADC","259","295","300","2","0.0002","0.0002","0.00023691068467187872","0.017699115044247787"
"accepted_peak_ADC","260","300","305","1","0.0001","0.0001","0.00011845534233593936","0.008849557522123894"
"accepted_peak_ADC","262","310","315","1","0.0001","0.0001","0.00011845534233593936","0.008849557522123894"
"accepted_peak_ADC","264","320","325","1","0.0001","0.0001","0.00011845534233593936","0.008849557522123894"
"accepted_peak_ADC","265","325","330","1","0.0001","0.0001","0.00011845534233593936","0.008849557522123894"
"accepted_peak_ADC","268","340","345","2","0.0002","0.0002","0.00023691068467187872","0.017699115044247787"
"accepted_peak_ADC","271","355","360","1","0.0001","0.0001","0.00011845534233593936","0.008849557522123894"
"accepted_peak_ADC","272","360","365","2","0.0002","0.0002","0.00023691068467187872","0.017699115044247787"
"accepted_peak_ADC","276","380","385","1","0.0001","0.0001","0.00011845534233593936","0.008849557522123894"
"accepted_peak_ADC","280","400","405","3","0.0003","0.0003","0.00035536602700781805","0.02654867256637168"
"accepted_peak_ADC","282","410","415","1","0.0001","0.0001","0.00011845534233593936","0.008849557522123894"
"accepted_peak_ADC","286","430","435","2","0.0002","0.0002","0.00023691068467187872","0.017699115044247787"
"accepted_peak_ADC","288","440","445","1","0.0001","0.0001","0.00011845534233593936","0.008849557522123894"
"accepted_peak_ADC","289","445","450","1","0.0001","0.0001","0.00011845534233593936","0.008849557522123894"
"accepted_peak_ADC","290","450","455","3","0.0003","0.0003","0.00035536602700781805","0.02654867256637168"
"accepted_peak_ADC","291","455","460","2","0.0002","0.0002","0.00023691068467187872","0.017699115044247787"
"accepted_peak_ADC","292","460","465","1","0.0001","0.0001","0.00011845534233593936","0.008849557522123894"
"accepted_peak_ADC","293","465","470","2","0.0002","0.0002","0.00023691068467187872","0.017699115044247787"
"accepted_peak_ADC","295","475","480","2","0.0002","0.0002","0.00023691068467187872","0.017699115044247787"
"accepted_peak_ADC","301","505","510","2","0.0002","0.0002","0.00023691068467187872","0.017699115044247787"
"accepted_peak_ADC","307","535","540","1","0.0001","0.0001","0.00011845534233593936","0.008849557522123894"
"accepted_peak_ADC","331","655","660","1","0.0001","0.0001","0.00011845534233593936","0.008849557522123894"
"accepted_peak_ADC","332","660","665","6","0.0006","0.0006","0.0007107320540156361","0.05309734513274336"
"analog_shaped_equivalent","200","0","5","1","0.0001","0.0001","0.00011845534233593936","0.008849557522123894"
"analog_shaped_equivalent","201","5","10","1","0.0001","0.0001","0.00011845534233593936","0.008849557522123894"
"analog_shaped_equivalent","202","10","15","1","0.0001","0.0001","0.00011845534233593936","0.008849557522123894"
"analog_shaped_equivalent","203","15","20","2","0.0002","0.0002","0.00023691068467187872","0.017699115044247787"
"analog_shaped_equivalent","205","25","30","1","0.0001","0.0001","0.00011845534233593936","0.008849557522123894"
"analog_shaped_equivalent","206","30","35","24","0.0024","0.0024","0.0028429282160625444","0.21238938053097345"
"analog_shaped_equivalent","207","35","40","5","0.0005","0.0005","0.0005922767116796967","0.04424778761061947"
"analog_shaped_equivalent","209","45","50","1","0.0001","0.0001","0.00011845534233593936","0.008849557522123894"
"analog_shaped_equivalent","211","55","60","3","0.0003","0.0003","0.00035536602700781805","0.02654867256637168"
"analog_shaped_equivalent","212","60","65","2","0.0002","0.0002","0.00023691068467187872","0.017699115044247787"
"analog_shaped_equivalent","213","65","70","2","0.0002","0.0002","0.00023691068467187872","0.017699115044247787"
"analog_shaped_equivalent","215","75","80","1","0.0001","0.0001","0.00011845534233593936","0.008849557522123894"
"analog_shaped_equivalent","216","80","85","4","0.0004","0.0004","0.00047382136934375743","0.035398230088495575"
"analog_shaped_equivalent","217","85","90","2","0.0002","0.0002","0.00023691068467187872","0.017699115044247787"
"analog_shaped_equivalent","219","95","100","1","0.0001","0.0001","0.00011845534233593936","0.008849557522123894"
"analog_shaped_equivalent","223","115","120","1","0.0001","0.0001","0.00011845534233593936","0.008849557522123894"
"analog_shaped_equivalent","224","120","125","1","0.0001","0.0001","0.00011845534233593936","0.008849557522123894"
"analog_shaped_equivalent","225","125","130","1","0.0001","0.0001","0.00011845534233593936","0.008849557522123894"
"analog_shaped_equivalent","228","140","145","2","0.0002","0.0002","0.00023691068467187872","0.017699115044247787"
"analog_shaped_equivalent","229","145","150","1","0.0001","0.0001","0.00011845534233593936","0.008849557522123894"
"analog_shaped_equivalent","230","150","155","1","0.0001","0.0001","0.00011845534233593936","0.008849557522123894"
"analog_shaped_equivalent","231","155","160","3","0.0003","0.0003","0.00035536602700781805","0.02654867256637168"
"analog_shaped_equivalent","234","170","175","1","0.0001","0.0001","0.00011845534233593936","0.008849557522123894"
"analog_shaped_equivalent","235","175","180","1","0.0001","0.0001","0.00011845534233593936","0.008849557522123894"
"analog_shaped_equivalent","237","185","190","1","0.0001","0.0001","0.00011845534233593936","0.008849557522123894"
"analog_shaped_equivalent","238","190","195","1","0.0001","0.0001","0.00011845534233593936","0.008849557522123894"
"analog_shaped_equivalent","239","195","200","2","0.0002","0.0002","0.00023691068467187872","0.017699115044247787"
"analog_shaped_equivalent","241","205","210","3","0.0003","0.0003","0.00035536602700781805","0.02654867256637168"
"analog_shaped_equivalent","245","225","230","1","0.0001","0.0001","0.00011845534233593936","0.008849557522123894"
"analog_shaped_equivalent","246","230","235","1","0.0001","0.0001","0.00011845534233593936","0.008849557522123894"
"analog_shaped_equivalent","247","235","240","1","0.0001","0.0001","0.00011845534233593936","0.008849557522123894"
"analog_shaped_equivalent","253","265","270","1","0.0001","0.0001","0.00011845534233593936","0.008849557522123894"
"analog_shaped_equivalent","259","295","300","1","0.0001","0.0001","0.00011845534233593936","0.008849557522123894"
"analog_shaped_equivalent","260","300","305","2","0.0002","0.0002","0.00023691068467187872","0.017699115044247787"
"analog_shaped_equivalent","262","310","315","1","0.0001","0.0001","0.00011845534233593936","0.008849557522123894"
"analog_shaped_equivalent","264","320","325","1","0.0001","0.0001","0.00011845534233593936","0.008849557522123894"
"analog_shaped_equivalent","265","325","330","1","0.0001","0.0001","0.00011845534233593936","0.008849557522123894"
"analog_shaped_equivalent","268","340","345","2","0.0002","0.0002","0.00023691068467187872","0.017699115044247787"
"analog_shaped_equivalent","271","355","360","1","0.0001","0.0001","0.00011845534233593936","0.008849557522123894"
"analog_shaped_equivalent","272","360","365","2","0.0002","0.0002","0.00023691068467187872","0.017699115044247787"
"analog_shaped_equivalent","276","380","385","1","0.0001","0.0001","0.00011845534233593936","0.008849557522123894"
"analog_shaped_equivalent","280","400","405","3","0.0003","0.0003","0.00035536602700781805","0.02654867256637168"
"analog_shaped_equivalent","282","410","415","1","0.0001","0.0001","0.00011845534233593936","0.008849557522123894"
"analog_shaped_equivalent","286","430","435","2","0.0002","0.0002","0.00023691068467187872","0.017699115044247787"
"analog_shaped_equivalent","288","440","445","1","0.0001","0.0001","0.00011845534233593936","0.008849557522123894"
"analog_shaped_equivalent","289","445","450","1","0.0001","0.0001","0.00011845534233593936","0.008849557522123894"
"analog_shaped_equivalent","290","450","455","3","0.0003","0.0003","0.00035536602700781805","0.02654867256637168"
"analog_shaped_equivalent","291","455","460","2","0.0002","0.0002","0.00023691068467187872","0.017699115044247787"
"analog_shaped_equivalent","292","460","465","1","0.0001","0.0001","0.00011845534233593936","0.008849557522123894"
"analog_shaped_equivalent","293","465","470","2","0.0002","0.0002","0.00023691068467187872","0.017699115044247787"
"analog_shaped_equivalent","295","475","480","2","0.0002","0.0002","0.00023691068467187872","0.017699115044247787"
"analog_shaped_equivalent","301","505","510","2","0.0002","0.0002","0.00023691068467187872","0.017699115044247787"
"analog_shaped_equivalent","307","535","540","1","0.0001","0.0001","0.00011845534233593936","0.008849557522123894"
"analog_shaped_equivalent","331","655","660","1","0.0001","0.0001","0.00011845534233593936","0.008849557522123894"
"analog_shaped_equivalent","332","660","665","6","0.0006","0.0006","0.0007107320540156361","0.05309734513274336"
"deposited_per_decay","200","0","5","9886","0.9886","0.9886","1.1710495143330963","87.48672566371681"
"deposited_per_decay","201","5","10","1","0.0001","0.0001","0.00011845534233593936","0.008849557522123894"
"deposited_per_decay","202","10","15","1","0.0001","0.0001","0.00011845534233593936","0.008849557522123894"
"deposited_per_decay","203","15","20","2","0.0002","0.0002","0.00023691068467187872","0.017699115044247787"
"deposited_per_decay","205","25","30","1","0.0001","0.0001","0.00011845534233593936","0.008849557522123894"
"deposited_per_decay","206","30","35","24","0.0024","0.0024","0.0028429282160625444","0.21238938053097345"
"deposited_per_decay","207","35","40","6","0.0006","0.0006","0.0007107320540156361","0.05309734513274336"
"deposited_per_decay","209","45","50","1","0.0001","0.0001","0.00011845534233593936","0.008849557522123894"
"deposited_per_decay","211","55","60","3","0.0003","0.0003","0.00035536602700781805","0.02654867256637168"
"deposited_per_decay","212","60","65","2","0.0002","0.0002","0.00023691068467187872","0.017699115044247787"
"deposited_per_decay","213","65","70","2","0.0002","0.0002","0.00023691068467187872","0.017699115044247787"
"deposited_per_decay","215","75","80","1","0.0001","0.0001","0.00011845534233593936","0.008849557522123894"
"deposited_per_decay","216","80","85","4","0.0004","0.0004","0.00047382136934375743","0.035398230088495575"
"deposited_per_decay","217","85","90","1","0.0001","0.0001","0.00011845534233593936","0.008849557522123894"
"deposited_per_decay","218","90","95","1","0.0001","0.0001","0.00011845534233593936","0.008849557522123894"
"deposited_per_decay","219","95","100","1","0.0001","0.0001","0.00011845534233593936","0.008849557522123894"
"deposited_per_decay","223","115","120","1","0.0001","0.0001","0.00011845534233593936","0.008849557522123894"
"deposited_per_decay","224","120","125","1","0.0001","0.0001","0.00011845534233593936","0.008849557522123894"
"deposited_per_decay","225","125","130","1","0.0001","0.0001","0.00011845534233593936","0.008849557522123894"
"deposited_per_decay","228","140","145","1","0.0001","0.0001","0.00011845534233593936","0.008849557522123894"
"deposited_per_decay","229","145","150","2","0.0002","0.0002","0.00023691068467187872","0.017699115044247787"
"deposited_per_decay","230","150","155","1","0.0001","0.0001","0.00011845534233593936","0.008849557522123894"
"deposited_per_decay","231","155","160","3","0.0003","0.0003","0.00035536602700781805","0.02654867256637168"
"deposited_per_decay","234","170","175","1","0.0001","0.0001","0.00011845534233593936","0.008849557522123894"
"deposited_per_decay","235","175","180","1","0.0001","0.0001","0.00011845534233593936","0.008849557522123894"
"deposited_per_decay","237","185","190","1","0.0001","0.0001","0.00011845534233593936","0.008849557522123894"
"deposited_per_decay","238","190","195","1","0.0001","0.0001","0.00011845534233593936","0.008849557522123894"
"deposited_per_decay","239","195","200","2","0.0002","0.0002","0.00023691068467187872","0.017699115044247787"
"deposited_per_decay","241","205","210","3","0.0003","0.0003","0.00035536602700781805","0.02654867256637168"
"deposited_per_decay","245","225","230","1","0.0001","0.0001","0.00011845534233593936","0.008849557522123894"
"deposited_per_decay","246","230","235","1","0.0001","0.0001","0.00011845534233593936","0.008849557522123894"
"deposited_per_decay","247","235","240","1","0.0001","0.0001","0.00011845534233593936","0.008849557522123894"
"deposited_per_decay","253","265","270","1","0.0001","0.0001","0.00011845534233593936","0.008849557522123894"
"deposited_per_decay","259","295","300","1","0.0001","0.0001","0.00011845534233593936","0.008849557522123894"
"deposited_per_decay","260","300","305","2","0.0002","0.0002","0.00023691068467187872","0.017699115044247787"
"deposited_per_decay","262","310","315","1","0.0001","0.0001","0.00011845534233593936","0.008849557522123894"
"deposited_per_decay","264","320","325","1","0.0001","0.0001","0.00011845534233593936","0.008849557522123894"
"deposited_per_decay","265","325","330","1","0.0001","0.0001","0.00011845534233593936","0.008849557522123894"
"deposited_per_decay","268","340","345","1","0.0001","0.0001","0.00011845534233593936","0.008849557522123894"
"deposited_per_decay","269","345","350","1","0.0001","0.0001","0.00011845534233593936","0.008849557522123894"
"deposited_per_decay","271","355","360","1","0.0001","0.0001","0.00011845534233593936","0.008849557522123894"
"deposited_per_decay","272","360","365","1","0.0001","0.0001","0.00011845534233593936","0.008849557522123894"
"deposited_per_decay","273","365","370","1","0.0001","0.0001","0.00011845534233593936","0.008849557522123894"
"deposited_per_decay","276","380","385","1","0.0001","0.0001","0.00011845534233593936","0.008849557522123894"
"deposited_per_decay","280","400","405","3","0.0003","0.0003","0.00035536602700781805","0.02654867256637168"
"deposited_per_decay","282","410","415","1","0.0001","0.0001","0.00011845534233593936","0.008849557522123894"
"deposited_per_decay","286","430","435","2","0.0002","0.0002","0.00023691068467187872","0.017699115044247787"
"deposited_per_decay","288","440","445","1","0.0001","0.0001","0.00011845534233593936","0.008849557522123894"
"deposited_per_decay","290","450","455","4","0.0004","0.0004","0.00047382136934375743","0.035398230088495575"
"deposited_per_decay","291","455","460","2","0.0002","0.0002","0.00023691068467187872","0.017699115044247787"
"deposited_per_decay","292","460","465","1","0.0001","0.0001","0.00011845534233593936","0.008849557522123894"
"deposited_per_decay","293","465","470","2","0.0002","0.0002","0.00023691068467187872","0.017699115044247787"
"deposited_per_decay","295","475","480","2","0.0002","0.0002","0.00023691068467187872","0.017699115044247787"
"deposited_per_decay","301","505","510","2","0.0002","0.0002","0.00023691068467187872","0.017699115044247787"
"deposited_per_decay","307","535","540","1","0.0001","0.0001","0.00011845534233593936","0.008849557522123894"
"deposited_per_decay","332","660","665","7","0.0007","0.0007","0.0008291873963515755","0.061946902654867256"
"deposited_per_group","200","0","5","1","0.0001","0.0001","0.00011845534233593936","0.008849557522123894"
"deposited_per_group","201","5","10","1","0.0001","0.0001","0.00011845534233593936","0.008849557522123894"
"deposited_per_group","202","10","15","1","0.0001","0.0001","0.00011845534233593936","0.008849557522123894"
"deposited_per_group","203","15","20","2","0.0002","0.0002","0.00023691068467187872","0.017699115044247787"
"deposited_per_group","205","25","30","1","0.0001","0.0001","0.00011845534233593936","0.008849557522123894"
"deposited_per_group","206","30","35","24","0.0024","0.0024","0.0028429282160625444","0.21238938053097345"
"deposited_per_group","207","35","40","6","0.0006","0.0006","0.0007107320540156361","0.05309734513274336"
"deposited_per_group","209","45","50","1","0.0001","0.0001","0.00011845534233593936","0.008849557522123894"
"deposited_per_group","211","55","60","3","0.0003","0.0003","0.00035536602700781805","0.02654867256637168"
"deposited_per_group","212","60","65","2","0.0002","0.0002","0.00023691068467187872","0.017699115044247787"
"deposited_per_group","213","65","70","2","0.0002","0.0002","0.00023691068467187872","0.017699115044247787"
"deposited_per_group","215","75","80","1","0.0001","0.0001","0.00011845534233593936","0.008849557522123894"
"deposited_per_group","216","80","85","4","0.0004","0.0004","0.00047382136934375743","0.035398230088495575"
"deposited_per_group","217","85","90","1","0.0001","0.0001","0.00011845534233593936","0.008849557522123894"
"deposited_per_group","218","90","95","1","0.0001","0.0001","0.00011845534233593936","0.008849557522123894"
"deposited_per_group","219","95","100","1","0.0001","0.0001","0.00011845534233593936","0.008849557522123894"
"deposited_per_group","223","115","120","1","0.0001","0.0001","0.00011845534233593936","0.008849557522123894"
"deposited_per_group","224","120","125","1","0.0001","0.0001","0.00011845534233593936","0.008849557522123894"
"deposited_per_group","225","125","130","1","0.0001","0.0001","0.00011845534233593936","0.008849557522123894"
"deposited_per_group","228","140","145","1","0.0001","0.0001","0.00011845534233593936","0.008849557522123894"
"deposited_per_group","229","145","150","2","0.0002","0.0002","0.00023691068467187872","0.017699115044247787"
"deposited_per_group","230","150","155","1","0.0001","0.0001","0.00011845534233593936","0.008849557522123894"
"deposited_per_group","231","155","160","3","0.0003","0.0003","0.00035536602700781805","0.02654867256637168"
"deposited_per_group","234","170","175","1","0.0001","0.0001","0.00011845534233593936","0.008849557522123894"
"deposited_per_group","235","175","180","1","0.0001","0.0001","0.00011845534233593936","0.008849557522123894"
"deposited_per_group","237","185","190","1","0.0001","0.0001","0.00011845534233593936","0.008849557522123894"
"deposited_per_group","238","190","195","1","0.0001","0.0001","0.00011845534233593936","0.008849557522123894"
"deposited_per_group","239","195","200","2","0.0002","0.0002","0.00023691068467187872","0.017699115044247787"
"deposited_per_group","241","205","210","3","0.0003","0.0003","0.00035536602700781805","0.02654867256637168"
"deposited_per_group","245","225","230","1","0.0001","0.0001","0.00011845534233593936","0.008849557522123894"
"deposited_per_group","246","230","235","1","0.0001","0.0001","0.00011845534233593936","0.008849557522123894"
"deposited_per_group","247","235","240","1","0.0001","0.0001","0.00011845534233593936","0.008849557522123894"
"deposited_per_group","253","265","270","1","0.0001","0.0001","0.00011845534233593936","0.008849557522123894"
"deposited_per_group","259","295","300","1","0.0001","0.0001","0.00011845534233593936","0.008849557522123894"
"deposited_per_group","260","300","305","2","0.0002","0.0002","0.00023691068467187872","0.017699115044247787"
"deposited_per_group","262","310","315","1","0.0001","0.0001","0.00011845534233593936","0.008849557522123894"
"deposited_per_group","264","320","325","1","0.0001","0.0001","0.00011845534233593936","0.008849557522123894"
"deposited_per_group","265","325","330","1","0.0001","0.0001","0.00011845534233593936","0.008849557522123894"
"deposited_per_group","268","340","345","1","0.0001","0.0001","0.00011845534233593936","0.008849557522123894"
"deposited_per_group","269","345","350","1","0.0001","0.0001","0.00011845534233593936","0.008849557522123894"
"deposited_per_group","271","355","360","1","0.0001","0.0001","0.00011845534233593936","0.008849557522123894"
"deposited_per_group","272","360","365","1","0.0001","0.0001","0.00011845534233593936","0.008849557522123894"
"deposited_per_group","273","365","370","1","0.0001","0.0001","0.00011845534233593936","0.008849557522123894"
"deposited_per_group","276","380","385","1","0.0001","0.0001","0.00011845534233593936","0.008849557522123894"
"deposited_per_group","280","400","405","3","0.0003","0.0003","0.00035536602700781805","0.02654867256637168"
"deposited_per_group","282","410","415","1","0.0001","0.0001","0.00011845534233593936","0.008849557522123894"
"deposited_per_group","286","430","435","2","0.0002","0.0002","0.00023691068467187872","0.017699115044247787"
"deposited_per_group","288","440","445","1","0.0001","0.0001","0.00011845534233593936","0.008849557522123894"
"deposited_per_group","290","450","455","4","0.0004","0.0004","0.00047382136934375743","0.035398230088495575"
"deposited_per_group","291","455","460","2","0.0002","0.0002","0.00023691068467187872","0.017699115044247787"
"deposited_per_group","292","460","465","1","0.0001","0.0001","0.00011845534233593936","0.008849557522123894"
"deposited_per_group","293","465","470","2","0.0002","0.0002","0.00023691068467187872","0.017699115044247787"
"deposited_per_group","295","475","480","2","0.0002","0.0002","0.00023691068467187872","0.017699115044247787"
"deposited_per_group","301","505","510","2","0.0002","0.0002","0.00023691068467187872","0.017699115044247787"
"deposited_per_group","307","535","540","1","0.0001","0.0001","0.00011845534233593936","0.008849557522123894"
"deposited_per_group","332","660","665","7","0.0007","0.0007","0.0008291873963515755","0.061946902654867256"
"native_terminal_charge","200","0","5","1","0.0001","0.0001","0.00011845534233593936","0.008849557522123894"
"native_terminal_charge","201","5","10","1","0.0001","0.0001","0.00011845534233593936","0.008849557522123894"
"native_terminal_charge","202","10","15","1","0.0001","0.0001","0.00011845534233593936","0.008849557522123894"
"native_terminal_charge","203","15","20","2","0.0002","0.0002","0.00023691068467187872","0.017699115044247787"
"native_terminal_charge","205","25","30","1","0.0001","0.0001","0.00011845534233593936","0.008849557522123894"
"native_terminal_charge","206","30","35","24","0.0024","0.0024","0.0028429282160625444","0.21238938053097345"
"native_terminal_charge","207","35","40","5","0.0005","0.0005","0.0005922767116796967","0.04424778761061947"
"native_terminal_charge","209","45","50","1","0.0001","0.0001","0.00011845534233593936","0.008849557522123894"
"native_terminal_charge","211","55","60","3","0.0003","0.0003","0.00035536602700781805","0.02654867256637168"
"native_terminal_charge","212","60","65","2","0.0002","0.0002","0.00023691068467187872","0.017699115044247787"
"native_terminal_charge","213","65","70","2","0.0002","0.0002","0.00023691068467187872","0.017699115044247787"
"native_terminal_charge","215","75","80","1","0.0001","0.0001","0.00011845534233593936","0.008849557522123894"
"native_terminal_charge","216","80","85","4","0.0004","0.0004","0.00047382136934375743","0.035398230088495575"
"native_terminal_charge","217","85","90","1","0.0001","0.0001","0.00011845534233593936","0.008849557522123894"
"native_terminal_charge","218","90","95","1","0.0001","0.0001","0.00011845534233593936","0.008849557522123894"
"native_terminal_charge","219","95","100","1","0.0001","0.0001","0.00011845534233593936","0.008849557522123894"
"native_terminal_charge","223","115","120","1","0.0001","0.0001","0.00011845534233593936","0.008849557522123894"
"native_terminal_charge","224","120","125","1","0.0001","0.0001","0.00011845534233593936","0.008849557522123894"
"native_terminal_charge","225","125","130","1","0.0001","0.0001","0.00011845534233593936","0.008849557522123894"
"native_terminal_charge","228","140","145","2","0.0002","0.0002","0.00023691068467187872","0.017699115044247787"
"native_terminal_charge","229","145","150","1","0.0001","0.0001","0.00011845534233593936","0.008849557522123894"
"native_terminal_charge","230","150","155","1","0.0001","0.0001","0.00011845534233593936","0.008849557522123894"
"native_terminal_charge","231","155","160","3","0.0003","0.0003","0.00035536602700781805","0.02654867256637168"
"native_terminal_charge","234","170","175","1","0.0001","0.0001","0.00011845534233593936","0.008849557522123894"
"native_terminal_charge","235","175","180","1","0.0001","0.0001","0.00011845534233593936","0.008849557522123894"
"native_terminal_charge","237","185","190","1","0.0001","0.0001","0.00011845534233593936","0.008849557522123894"
"native_terminal_charge","238","190","195","1","0.0001","0.0001","0.00011845534233593936","0.008849557522123894"
"native_terminal_charge","239","195","200","2","0.0002","0.0002","0.00023691068467187872","0.017699115044247787"
"native_terminal_charge","241","205","210","3","0.0003","0.0003","0.00035536602700781805","0.02654867256637168"
"native_terminal_charge","245","225","230","1","0.0001","0.0001","0.00011845534233593936","0.008849557522123894"
"native_terminal_charge","246","230","235","1","0.0001","0.0001","0.00011845534233593936","0.008849557522123894"
"native_terminal_charge","247","235","240","1","0.0001","0.0001","0.00011845534233593936","0.008849557522123894"
"native_terminal_charge","253","265","270","1","0.0001","0.0001","0.00011845534233593936","0.008849557522123894"
"native_terminal_charge","259","295","300","1","0.0001","0.0001","0.00011845534233593936","0.008849557522123894"
"native_terminal_charge","260","300","305","2","0.0002","0.0002","0.00023691068467187872","0.017699115044247787"
"native_terminal_charge","262","310","315","1","0.0001","0.0001","0.00011845534233593936","0.008849557522123894"
"native_terminal_charge","264","320","325","1","0.0001","0.0001","0.00011845534233593936","0.008849557522123894"
"native_terminal_charge","265","325","330","1","0.0001","0.0001","0.00011845534233593936","0.008849557522123894"
"native_terminal_charge","268","340","345","1","0.0001","0.0001","0.00011845534233593936","0.008849557522123894"
"native_terminal_charge","269","345","350","1","0.0001","0.0001","0.00011845534233593936","0.008849557522123894"
"native_terminal_charge","271","355","360","1","0.0001","0.0001","0.00011845534233593936","0.008849557522123894"
"native_terminal_charge","272","360","365","1","0.0001","0.0001","0.00011845534233593936","0.008849557522123894"
"native_terminal_charge","273","365","370","1","0.0001","0.0001","0.00011845534233593936","0.008849557522123894"
"native_terminal_charge","276","380","385","1","0.0001","0.0001","0.00011845534233593936","0.008849557522123894"
"native_terminal_charge","280","400","405","3","0.0003","0.0003","0.00035536602700781805","0.02654867256637168"
"native_terminal_charge","282","410","415","1","0.0001","0.0001","0.00011845534233593936","0.008849557522123894"
"native_terminal_charge","286","430","435","2","0.0002","0.0002","0.00023691068467187872","0.017699115044247787"
"native_terminal_charge","288","440","445","1","0.0001","0.0001","0.00011845534233593936","0.008849557522123894"
"native_terminal_charge","290","450","455","4","0.0004","0.0004","0.00047382136934375743","0.035398230088495575"
"native_terminal_charge","291","455","460","2","0.0002","0.0002","0.00023691068467187872","0.017699115044247787"
"native_terminal_charge","292","460","465","1","0.0001","0.0001","0.00011845534233593936","0.008849557522123894"
"native_terminal_charge","293","465","470","2","0.0002","0.0002","0.00023691068467187872","0.017699115044247787"
"native_terminal_charge","295","475","480","2","0.0002","0.0002","0.00023691068467187872","0.017699115044247787"
"native_terminal_charge","301","505","510","2","0.0002","0.0002","0.00023691068467187872","0.017699115044247787"
"native_terminal_charge","307","535","540","1","0.0001","0.0001","0.00011845534233593936","0.008849557522123894"
"native_terminal_charge","332","660","665","7","0.0007","0.0007","0.0008291873963515755","0.061946902654867256"
"preamp_charge_equivalent","200","0","5","1","0.0001","0.0001","0.00011845534233593936","0.008849557522123894"
"preamp_charge_equivalent","201","5","10","1","0.0001","0.0001","0.00011845534233593936","0.008849557522123894"
"preamp_charge_equivalent","202","10","15","1","0.0001","0.0001","0.00011845534233593936","0.008849557522123894"
"preamp_charge_equivalent","203","15","20","2","0.0002","0.0002","0.00023691068467187872","0.017699115044247787"
"preamp_charge_equivalent","205","25","30","1","0.0001","0.0001","0.00011845534233593936","0.008849557522123894"
"preamp_charge_equivalent","206","30","35","24","0.0024","0.0024","0.0028429282160625444","0.21238938053097345"
"preamp_charge_equivalent","207","35","40","5","0.0005","0.0005","0.0005922767116796967","0.04424778761061947"
"preamp_charge_equivalent","209","45","50","1","0.0001","0.0001","0.00011845534233593936","0.008849557522123894"
"preamp_charge_equivalent","211","55","60","3","0.0003","0.0003","0.00035536602700781805","0.02654867256637168"
"preamp_charge_equivalent","212","60","65","2","0.0002","0.0002","0.00023691068467187872","0.017699115044247787"
"preamp_charge_equivalent","213","65","70","2","0.0002","0.0002","0.00023691068467187872","0.017699115044247787"
"preamp_charge_equivalent","215","75","80","1","0.0001","0.0001","0.00011845534233593936","0.008849557522123894"
"preamp_charge_equivalent","216","80","85","4","0.0004","0.0004","0.00047382136934375743","0.035398230088495575"
"preamp_charge_equivalent","217","85","90","2","0.0002","0.0002","0.00023691068467187872","0.017699115044247787"
"preamp_charge_equivalent","219","95","100","1","0.0001","0.0001","0.00011845534233593936","0.008849557522123894"
"preamp_charge_equivalent","223","115","120","1","0.0001","0.0001","0.00011845534233593936","0.008849557522123894"
"preamp_charge_equivalent","224","120","125","1","0.0001","0.0001","0.00011845534233593936","0.008849557522123894"
"preamp_charge_equivalent","225","125","130","1","0.0001","0.0001","0.00011845534233593936","0.008849557522123894"
"preamp_charge_equivalent","228","140","145","2","0.0002","0.0002","0.00023691068467187872","0.017699115044247787"
"preamp_charge_equivalent","229","145","150","1","0.0001","0.0001","0.00011845534233593936","0.008849557522123894"
"preamp_charge_equivalent","230","150","155","1","0.0001","0.0001","0.00011845534233593936","0.008849557522123894"
"preamp_charge_equivalent","231","155","160","3","0.0003","0.0003","0.00035536602700781805","0.02654867256637168"
"preamp_charge_equivalent","234","170","175","1","0.0001","0.0001","0.00011845534233593936","0.008849557522123894"
"preamp_charge_equivalent","235","175","180","1","0.0001","0.0001","0.00011845534233593936","0.008849557522123894"
"preamp_charge_equivalent","237","185","190","1","0.0001","0.0001","0.00011845534233593936","0.008849557522123894"
"preamp_charge_equivalent","238","190","195","1","0.0001","0.0001","0.00011845534233593936","0.008849557522123894"
"preamp_charge_equivalent","239","195","200","2","0.0002","0.0002","0.00023691068467187872","0.017699115044247787"
"preamp_charge_equivalent","241","205","210","3","0.0003","0.0003","0.00035536602700781805","0.02654867256637168"
"preamp_charge_equivalent","245","225","230","1","0.0001","0.0001","0.00011845534233593936","0.008849557522123894"
"preamp_charge_equivalent","246","230","235","1","0.0001","0.0001","0.00011845534233593936","0.008849557522123894"
"preamp_charge_equivalent","247","235","240","1","0.0001","0.0001","0.00011845534233593936","0.008849557522123894"
"preamp_charge_equivalent","253","265","270","1","0.0001","0.0001","0.00011845534233593936","0.008849557522123894"
"preamp_charge_equivalent","259","295","300","1","0.0001","0.0001","0.00011845534233593936","0.008849557522123894"
"preamp_charge_equivalent","260","300","305","2","0.0002","0.0002","0.00023691068467187872","0.017699115044247787"
"preamp_charge_equivalent","262","310","315","1","0.0001","0.0001","0.00011845534233593936","0.008849557522123894"
"preamp_charge_equivalent","264","320","325","1","0.0001","0.0001","0.00011845534233593936","0.008849557522123894"
"preamp_charge_equivalent","265","325","330","1","0.0001","0.0001","0.00011845534233593936","0.008849557522123894"
"preamp_charge_equivalent","268","340","345","1","0.0001","0.0001","0.00011845534233593936","0.008849557522123894"
"preamp_charge_equivalent","269","345","350","1","0.0001","0.0001","0.00011845534233593936","0.008849557522123894"
"preamp_charge_equivalent","271","355","360","1","0.0001","0.0001","0.00011845534233593936","0.008849557522123894"
"preamp_charge_equivalent","272","360","365","2","0.0002","0.0002","0.00023691068467187872","0.017699115044247787"
"preamp_charge_equivalent","276","380","385","1","0.0001","0.0001","0.00011845534233593936","0.008849557522123894"
"preamp_charge_equivalent","280","400","405","3","0.0003","0.0003","0.00035536602700781805","0.02654867256637168"
"preamp_charge_equivalent","282","410","415","1","0.0001","0.0001","0.00011845534233593936","0.008849557522123894"
"preamp_charge_equivalent","286","430","435","2","0.0002","0.0002","0.00023691068467187872","0.017699115044247787"
"preamp_charge_equivalent","288","440","445","1","0.0001","0.0001","0.00011845534233593936","0.008849557522123894"
"preamp_charge_equivalent","289","445","450","1","0.0001","0.0001","0.00011845534233593936","0.008849557522123894"
"preamp_charge_equivalent","290","450","455","3","0.0003","0.0003","0.00035536602700781805","0.02654867256637168"
"preamp_charge_equivalent","291","455","460","2","0.0002","0.0002","0.00023691068467187872","0.017699115044247787"
"preamp_charge_equivalent","292","460","465","1","0.0001","0.0001","0.00011845534233593936","0.008849557522123894"
"preamp_charge_equivalent","293","465","470","2","0.0002","0.0002","0.00023691068467187872","0.017699115044247787"
"preamp_charge_equivalent","295","475","480","2","0.0002","0.0002","0.00023691068467187872","0.017699115044247787"
"preamp_charge_equivalent","301","505","510","2","0.0002","0.0002","0.00023691068467187872","0.017699115044247787"
"preamp_charge_equivalent","307","535","540","1","0.0001","0.0001","0.00011845534233593936","0.008849557522123894"
"preamp_charge_equivalent","332","660","665","7","0.0007","0.0007","0.0008291873963515755","0.061946902654867256"
"window_charge","200","0","5","1","0.0001","0.0001","0.00011845534233593936","0.008849557522123894"
"window_charge","201","5","10","1","0.0001","0.0001","0.00011845534233593936","0.008849557522123894"
"window_charge","202","10","15","1","0.0001","0.0001","0.00011845534233593936","0.008849557522123894"
"window_charge","203","15","20","2","0.0002","0.0002","0.00023691068467187872","0.017699115044247787"
"window_charge","205","25","30","1","0.0001","0.0001","0.00011845534233593936","0.008849557522123894"
"window_charge","206","30","35","24","0.0024","0.0024","0.0028429282160625444","0.21238938053097345"
"window_charge","207","35","40","5","0.0005","0.0005","0.0005922767116796967","0.04424778761061947"
"window_charge","209","45","50","1","0.0001","0.0001","0.00011845534233593936","0.008849557522123894"
"window_charge","211","55","60","3","0.0003","0.0003","0.00035536602700781805","0.02654867256637168"
"window_charge","212","60","65","2","0.0002","0.0002","0.00023691068467187872","0.017699115044247787"
"window_charge","213","65","70","2","0.0002","0.0002","0.00023691068467187872","0.017699115044247787"
"window_charge","215","75","80","1","0.0001","0.0001","0.00011845534233593936","0.008849557522123894"
"window_charge","216","80","85","4","0.0004","0.0004","0.00047382136934375743","0.035398230088495575"
"window_charge","217","85","90","1","0.0001","0.0001","0.00011845534233593936","0.008849557522123894"
"window_charge","218","90","95","1","0.0001","0.0001","0.00011845534233593936","0.008849557522123894"
"window_charge","219","95","100","1","0.0001","0.0001","0.00011845534233593936","0.008849557522123894"
"window_charge","223","115","120","1","0.0001","0.0001","0.00011845534233593936","0.008849557522123894"
"window_charge","224","120","125","1","0.0001","0.0001","0.00011845534233593936","0.008849557522123894"
"window_charge","225","125","130","1","0.0001","0.0001","0.00011845534233593936","0.008849557522123894"
"window_charge","228","140","145","2","0.0002","0.0002","0.00023691068467187872","0.017699115044247787"
"window_charge","229","145","150","1","0.0001","0.0001","0.00011845534233593936","0.008849557522123894"
"window_charge","230","150","155","1","0.0001","0.0001","0.00011845534233593936","0.008849557522123894"
"window_charge","231","155","160","3","0.0003","0.0003","0.00035536602700781805","0.02654867256637168"
"window_charge","234","170","175","1","0.0001","0.0001","0.00011845534233593936","0.008849557522123894"
"window_charge","235","175","180","1","0.0001","0.0001","0.00011845534233593936","0.008849557522123894"
"window_charge","237","185","190","1","0.0001","0.0001","0.00011845534233593936","0.008849557522123894"
"window_charge","238","190","195","1","0.0001","0.0001","0.00011845534233593936","0.008849557522123894"
"window_charge","239","195","200","2","0.0002","0.0002","0.00023691068467187872","0.017699115044247787"
"window_charge","241","205","210","3","0.0003","0.0003","0.00035536602700781805","0.02654867256637168"
"window_charge","245","225","230","1","0.0001","0.0001","0.00011845534233593936","0.008849557522123894"
"window_charge","246","230","235","1","0.0001","0.0001","0.00011845534233593936","0.008849557522123894"
"window_charge","247","235","240","1","0.0001","0.0001","0.00011845534233593936","0.008849557522123894"
"window_charge","253","265","270","1","0.0001","0.0001","0.00011845534233593936","0.008849557522123894"
"window_charge","259","295","300","1","0.0001","0.0001","0.00011845534233593936","0.008849557522123894"
"window_charge","260","300","305","2","0.0002","0.0002","0.00023691068467187872","0.017699115044247787"
"window_charge","262","310","315","1","0.0001","0.0001","0.00011845534233593936","0.008849557522123894"
"window_charge","264","320","325","1","0.0001","0.0001","0.00011845534233593936","0.008849557522123894"
"window_charge","265","325","330","1","0.0001","0.0001","0.00011845534233593936","0.008849557522123894"
"window_charge","268","340","345","1","0.0001","0.0001","0.00011845534233593936","0.008849557522123894"
"window_charge","269","345","350","1","0.0001","0.0001","0.00011845534233593936","0.008849557522123894"
"window_charge","271","355","360","1","0.0001","0.0001","0.00011845534233593936","0.008849557522123894"
"window_charge","272","360","365","1","0.0001","0.0001","0.00011845534233593936","0.008849557522123894"
"window_charge","273","365","370","1","0.0001","0.0001","0.00011845534233593936","0.008849557522123894"
"window_charge","276","380","385","1","0.0001","0.0001","0.00011845534233593936","0.008849557522123894"
"window_charge","280","400","405","3","0.0003","0.0003","0.00035536602700781805","0.02654867256637168"
"window_charge","282","410","415","1","0.0001","0.0001","0.00011845534233593936","0.008849557522123894"
"window_charge","286","430","435","2","0.0002","0.0002","0.00023691068467187872","0.017699115044247787"
"window_charge","288","440","445","1","0.0001","0.0001","0.00011845534233593936","0.008849557522123894"
"window_charge","290","450","455","4","0.0004","0.0004","0.00047382136934375743","0.035398230088495575"
"window_charge","291","455","460","2","0.0002","0.0002","0.00023691068467187872","0.017699115044247787"
"window_charge","292","460","465","1","0.0001","0.0001","0.00011845534233593936","0.008849557522123894"
"window_charge","293","465","470","2","0.0002","0.0002","0.00023691068467187872","0.017699115044247787"
"window_charge","295","475","480","2","0.0002","0.0002","0.00023691068467187872","0.017699115044247787"
"window_charge","301","505","510","2","0.0002","0.0002","0.00023691068467187872","0.017699115044247787"
"window_charge","307","535","540","1","0.0001","0.0001","0.00011845534233593936","0.008849557522123894"
"window_charge","332","660","665","7","0.0007","0.0007","0.0008291873963515755","0.061946902654867256"
