time_ns,Q_total,Q_electron,Q_hole,Q_no_trapping
0.0,0.0,0.0,0.0,0.0
0.125,0.0002676671950478568,0.00011840622268020657,0.00014926115010113785,0.0002676670039888595
0.25,0.0005352597042152889,0.0002369530917795268,0.00029830715770121335,0.0005352598806882552
0.375,0.0008024292409960237,0.00035564895304274435,0.00044678006177976325,0.0008024288304262651
0.5,0.0010691427392181673,0.0004745033950744664,0.000594639295163449,0.0010691436122191277
0.625,0.0013358875703955704,0.0005935252688943304,0.000742362075327724,0.0013358873442220543
0.75,0.0016026862438351726,0.0007127241631069437,0.000889962416387014,0.001602685473116503
0.875,0.001869688221335051,0.0008322357933467473,0.0010374521197008357,0.0018696890194250379
1.0,0.002137408335763522,0.0009525609798082277,0.0011848466745535548,0.0021374082075505097
1.125,0.002405254502310854,0.0010730941652311885,0.0013321600950595971,0.0024052553666682403
1.25,0.002674496245888425,0.0011940057317436506,0.0014804906452389778,0.002674497114567598
1.375,0.00294366073752458,0.0013155368696307352,0.0016281234400369385,0.002943660862856401
1.5,0.0032128686271045144,0.001437321736747427,0.0017755460231185095,0.0032128692350358763
1.625,0.0034823723790148595,0.001559371396868273,0.0019230010599387511,0.003482373931976964
1.75,0.0037518782918186705,0.0016816969137678198,0.0020701802399802917,0.003751879735295506
1.875,0.00402118072048775,0.001804307876050675,0.0022168726139417724,0.004021182702747357
2.0,0.004290873190427475,0.001927214609906415,0.002363657923609446,0.0042908740086858
2.125,0.004560939134787937,0.002050428916694557,0.0025105096159244006,0.004560940745373867
2.25,0.004831231252664526,0.002173960385019708,0.0026572713228730413,0.004831233183062689
2.375,0.00510177367403428,0.002297824504166234,0.0028039489451351257,0.005101776030848754
2.5,0.005372889452470393,0.002422032337908681,0.0029508566939077845,0.005372891244571375
2.625,0.005644601637503172,0.0025465868365869286,0.0030980137464002317,0.005644605746081948
2.75,0.0059170849013544646,0.00267165174406427,0.0032454333791419234,0.005917088073546073
2.875,0.006190164571802422,0.0027973760525046025,0.003392788104406274,0.006190168582420695
3.0,0.006463395864941922,0.0029235288978123816,0.0035398669728919233,0.006463399558629154
3.125,0.00673783293663555,0.003050668631809738,0.0036871641665286304,0.006737837223848187
3.25,0.00701313796720476,0.0031784552278255993,0.003834682635656274,0.007013143026576661
3.375,0.007289132322789679,0.0033066976513527898,0.003982434181634371,0.007289137733666918
3.5,0.007565821045475063,0.003435410654090705,0.0041304099534432825,0.007565827245798716
3.625,0.00784229007732472,0.003564606774983832,0.0042776835443609565,0.007842295482439577
3.75,0.008119518303078827,0.0036943015033165357,0.004425215290018056,0.00811952564435423
3.875,0.008397542457926309,0.00382451844180785,0.004573022892453857,0.008397550922866315
4.0,0.008676371185441031,0.003955265703892442,0.004721104876498418,0.008676378693825528
4.125,0.008955346853711453,0.004086673104524995,0.004868673501404008,0.008955354719363672
4.25,0.009235257468554909,0.004218887423114497,0.00501637046609434,0.009235268215398414
4.375,0.00951609726758882,0.004351695497604678,0.005164400819191017,0.009516105905400302
4.5,0.00979788497855656,0.0044851172427897235,0.005312767511033917,0.009797896555183157
4.625,0.010080645091584082,0.004619169623123938,0.00546147496713286,0.010080656391616314
4.75,0.010364404977988621,0.0047538762413263545,0.005610529088167603,0.010364415655683535
4.875,0.01064954999710498,0.004889258118568613,0.005760291290773344,0.010649560841908988
5.0,0.010938071052113328,0.005025737522245916,0.005912334106105669,0.010938085642466013
5.125,0.011228365480359588,0.005163545685246294,0.006064819472419869,0.01122837917178059
5.25,0.011519837595544914,0.005302088851669066,0.006217748864885881,0.011519852837046828
5.375,0.011811896033157394,0.005441407957480056,0.006370487960429687,0.011811912144779078
5.5,0.012104992419931463,0.005581757838286325,0.006523234431823192,0.012105008496978853
5.625,0.012399409832911188,0.005722927175994028,0.006676482460996153,0.012399427339029457
5.75,0.012695174202818165,0.005864939573322201,0.006830234998288449,0.012695194486404833
5.875,0.012992330188117358,0.006007822689707208,0.006984505320229537,0.012992348293523415
6.0,0.013290889313573924,0.006151599021490629,0.007139290476479537,0.01329090941276435
6.125,0.01359001891490556,0.0062961892782882126,0.007293827804179687,0.013590038472432025
6.25,0.013890429205764816,0.006441744665018764,0.007448683768586787,0.01389044945477719
6.375,0.014192367968602484,0.00658829505387356,0.007604070794172134,0.014192390188349698
6.5,0.014495872658905305,0.006735871792213817,0.007760000682295247,0.014495896077228097
6.625,0.014801126232320088,0.00688464784371495,0.007916476383296001,0.014801150042484895
6.75,0.015107329158264345,0.007034628740264232,0.00807269983023709,0.01510735401718278
6.875,0.015414743625145303,0.007185710482380924,0.008229030964583767,0.015414767631231117
7.0,0.015723921381094665,0.007337952814447578,0.00838596839377561,0.015723949974037008
7.125,0.01603490276279046,0.0074914007291473515,0.008543501791623042,0.016034932024169186
7.25,0.016347739631675882,0.0076460966376160075,0.00870164148431564,0.016347768362915408
7.375,0.016662678329606072,0.0078022915031395156,0.008860385996683463,0.016662709769165406
7.5,0.016980770491401235,0.007961022554581641,0.009019747130086032,0.016980802138406345
7.625,0.017300866521737367,0.008121146719635456,0.009179718983843585,0.017300900738765106
7.75,0.01762302980682281,0.008282706409436721,0.009340322210335277,0.017623066052209216
7.875,0.01794732229227026,0.008445772616538779,0.00950154943371141,0.017947358560706193
8.0,0.01827588758439816,0.008610391993190969,0.009665493920116244,0.018275924636518125
8.125,0.018608280539152484,0.00877664880847609,0.009831630509051288,0.018608318778323262
8.25,0.01894235322842785,0.00894465296255464,0.009997699240169114,0.018942393138689576
8.375,0.019279824282827693,0.009114539617872333,0.010165284445984824,0.01927986629059668
8.5,0.019619984929295106,0.009286301767371954,0.01033368247043724,0.019620027202133686
8.625,0.01996292448476002,0.009460022573758851,0.010502900689376062,0.019962968809006797
8.75,0.02030874523151317,0.009635802717381396,0.010672940577971229,0.020308791422771904
8.875,0.020657563857801733,0.009813763069976516,0.0108438006610528,0.02065761158185423
9.0,0.021009028858288537,0.009994055758444226,0.011014972004991621,0.021009081146148037
9.125,0.021363424030315478,0.010176810689937334,0.011186612452971229,0.021363477447601965
9.25,0.02170250711124109,0.010343411726908044,0.011359093747816395,0.02170256148508308
9.375,0.02201842541420928,0.010486005848282076,0.011532418839866998,0.02201848092900302
9.5,0.022336213610323535,0.010629629707422523,0.011706581828443283,0.022336269413236406
9.625,0.02265585009064919,0.010774249882510445,0.011881598940414581,0.022655907760574016
9.75,0.022919692301678153,0.010862763447436613,0.01205692878841307,0.02291975223045695
9.875,0.023095008469780406,0.010862765620710198,0.012232242409542226,0.02309506880192598
10.0,0.023271200520034282,0.010862767521587406,0.012408432281615488,0.023271263099509065
10.125,0.023448268452439785,0.01086276916033248,0.01258549840463286,0.023448330697696376
10.25,0.023626225232357707,0.010862770443779396,0.012763454055123797,0.023626286348187312
10.375,0.023805091028127064,0.01086277130191296,0.012942319885467452,0.023805155128870846
10.5,0.023984877364513015,0.010862771897745569,0.013122104746683464,0.023984941465256798
10.625,0.02416578448431009,0.010862772328911344,0.013303010737053554,0.024165847455626888
10.75,0.02435209383777261,0.010862772641115431,0.013489320274912316,0.024352161418995467
10.875,0.02453972565803643,0.010862772867210164,0.013676950089867,0.02453978975878021
11.0,0.02472789337987986,0.010862773030909099,0.013865118341849628,0.02472795948593278
11.125,0.024917302895168525,0.010862773149341818,0.01405452868692138,0.02491737278134441
11.25,0.025107853362207326,0.010862773234899693,0.014245079338356425,0.025107920482439577
11.375,0.025299536137422408,0.010862773298510995,0.014436762920305065,0.025299607014728095
11.5,0.025491944972842122,0.010862773347958314,0.014629169335524099,0.025492010479607252
11.625,0.0256855379778813,0.010862773387107626,0.014822764737714432,0.02568561178247734
11.75,0.025880283459435778,0.010862773418778221,0.015017507822117753,0.025880357817220544
11.875,0.026076184298696833,0.010862773444979055,0.015213410390093584,0.026076260385196375
12.0,0.026272848653649275,0.010862773467167604,0.015410074145758238,0.026272924140861027
12.125,0.02646974638509606,0.010862773486441199,0.015606970978273344,0.026469823923716013
12.25,0.026667851335692622,0.010862773503525762,0.015805077450138903,0.02666792744524169
12.375,0.02686718367377797,0.010862773519000911,0.01600440831305431,0.026867261258496977
12.5,0.027067726112204375,0.010862773533283066,0.01620495176566005,0.02706780471110272
12.625,0.027269495938119573,0.01086277354661983,0.01640672255965552,0.027269578455438065
12.75,0.027472504676288707,0.010862773559264434,0.016609729546060353,0.02747258249150302
12.875,0.027676740801946636,0.01086277357135756,0.016813966824194792,0.027676819769637463
13.0,0.027882212958667215,0.010862773583011753,0.01701943734439872,0.02788229619052115
13.125,0.028088929790024312,0.010862773594305796,0.01722615585837153,0.028089017654833837
13.25,0.02830139747919273,0.010862773605312848,0.01743862163442893,0.028301483430891238
13.375,0.028514911040798775,0.010862773616066669,0.017652137731483313,0.02851499952794562
13.5,0.02872991417830084,0.010862773626584143,0.017867140799836787,0.028730002596299094
13.625,0.02894770342777863,0.010862773636921542,0.018084928989036183,0.02894779078549849
13.75,0.029166973609578574,0.010862773647056357,0.018304198248854913,0.0291670629956571
13.875,0.0293877420108484,0.010862773657027982,0.018524966281332256,0.02938783397847432
14.0,0.029610014393970686,0.010862773666847667,0.018747238987147967,0.02961010668429003
14.125,0.029833640936998442,0.010862773676526667,0.01897086589896821,0.029833736546450152
14.25,0.03005698800447124,0.01086277368605936,0.01919421252849993,0.030057083175981873
14.375,0.03028466262125897,0.010862773695456995,0.01942188730663437,0.030284760904456195
14.5,0.030515497904889895,0.01086277370470832,0.019652721898779386,0.030515595496601208
14.625,0.030748047497337318,0.010862773713824589,0.019885273588734067,0.030748147186555892
14.75,0.030982322923366397,0.010862773722822685,0.020119548277178177,0.030982424825339878
14.875,0.031218332826550992,0.01086277373169698,0.020355557765471228,0.031218434313632932
15.0,0.031456082969273685,0.010862773740436218,0.02059330795429298,0.03145618745279456
15.125,0.031695066261867744,0.010862773749057282,0.02083229138518422,0.03169517383402568
15.25,0.03193503780307366,0.010862773757565801,0.021072263179934974,0.03193514562877643
15.375,0.032176827375982466,0.010862773765950517,0.021314052384051287,0.03217693483289275
15.5,0.03242381749916653,0.010862773774233942,0.021561043037374553,0.03242392843655589
15.625,0.03267437741835672,0.010862773782393566,0.02181160360195159,0.032674494901812685
15.75,0.0329269714585964,0.010862773790440643,0.022064196950705366,0.032927088250566464
15.875,0.033181619788224606,0.010862773798375174,0.022318843736015035,0.033181737986216014
16.0,0.03343834257558033,0.010862773806208413,0.022575567560599627,0.0334384618108006
16.125,0.03369651172096275,0.010862773813929106,0.022833737051725006,0.033696634252265864
16.25,0.03395603214505936,0.010862773821542878,0.023093257798515034,0.03395615794939577
16.375,0.03421773651215245,0.01086277382905536,0.023354961796815638,0.03421786784837613
16.5,0.03448193887209244,0.010862773836466548,0.023619164732993886,0.03448207078455438
16.625,0.03475387723064134,0.010862773843770818,0.023891103460335277,0.03475400951189577
16.75,0.03502821850272464,0.010862773850979425,0.0241654437643383,0.03502835571657855
16.875,0.035304997262637784,0.01086277385808111,0.0244422210490815,0.03530513890200151
17.0,0.03558423367871979,0.010862773865092759,0.024721458917283917,0.03558437381986405
17.125,0.035865495572277424,0.010862773872008744,0.025002720718643436,0.03586563857156344
17.25,0.03614759013011736,0.010862773878834692,0.025284814515848873,0.03614774121978852
17.375,0.036432148106508744,0.010862773885559347,0.025569371846853404,0.036432292650113295
17.5,0.03671934237292886,0.010862773892193965,0.0258565667817099,0.03671949643598943
17.625,0.03701431009344464,0.010862773898738546,0.026151535862147964,0.03701446256608761
17.75,0.03731376094760491,0.010862773905187462,0.02645098650886247,0.037313916163141995
17.875,0.03761617366640949,0.010862773911557596,0.02675339929681564,0.03761633485177492
18.0,0.037921594348918994,0.010862773917832066,0.02705881848110567,0.037921756986404834
18.125,0.038230115193254637,0.010862773924027753,0.02736734142294857,0.03823028287858762
18.25,0.03854268987373283,0.010862773930133402,0.02767991518144555,0.038542856637084594
18.375,0.03885849148845384,0.01086277393615464,0.027995716611770322,0.038858666918429
18.5,0.039177583423626025,0.010862773942102727,0.028314807671060354,0.03917775797771903
18.625,0.039506209220770985,0.010862773947960773,0.028643434228839807,0.039506387485838367
18.75,0.039839943370069984,0.010862773953740038,0.028977167824950082,0.0398401269826284
18.875,0.04017738273136565,0.01086277395944052,0.029314607047948568,0.04017756620562689
19.0,0.04051857340371861,0.010862773965062219,0.029655799103273345,0.04051876416163142
19.125,0.040863581654528476,0.010862773970605135,0.030000805948061864,0.040863773956759816
19.25,0.04121148838377431,0.010862773976074897,0.030348712976951592,0.041211686886329306
19.375,0.04156274593848836,0.010862773981471504,0.03069997159194404,0.041562948451661634
19.5,0.04191958147953644,0.010862773986789328,0.031056803398968207,0.0419197802586858
19.625,0.042286936249977876,0.010862773992039623,0.03142415906834132,0.04228714182873867
19.75,0.042658909570054346,0.010862773997216763,0.031796132019625306,0.04265912068070242
19.875,0.043035579231930646,0.01086277400232075,0.03217280191199691,0.0430357935234139
20.0,0.04341702302777155,0.010862774007362835,0.03255424545429298,0.04341724001604985
20.125,0.04380332163093313,0.010862774012326137,0.032940539355350386,0.04380354276812689
20.25,0.04419933561111865,0.01086277401722191,0.033336557576649474,0.04419956393976586
20.375,0.04460151245946971,0.010862774022055785,0.033738733157276365,0.044601742470732626
20.5,0.045008947481921795,0.01086277402682213,0.03414616919390778,0.04500918735838368
20.625,0.045421784738039324,0.010862774031520948,0.034559007302857936,0.04542202841767372
20.75,0.04584052843629774,0.010862774036152238,0.03497774904190627,0.04584077310706193
20.875,0.04626847754072207,0.010862774040732881,0.035405698791717455,0.04626873170789275
21.0,0.04670764024164021,0.01086277404524037,0.035844862783409294,0.04670790160026435
21.125,0.047153616959955034,0.010862774049685959,0.0362908391098821,0.04715388382741692
21.25,0.04760652006212678,0.010862774054069647,0.03674373988405129,0.047606790502265864
21.375,0.04806576466632394,0.01086277405839706,0.03720298683930053,0.04806604040785498
21.5,0.04853480820209238,0.010862774062668201,0.03767202892294857,0.04853509134252266
21.625,0.04901759213911443,0.010862774066877441,0.038154810739413826,0.049017879059667674
21.75,0.04950878915469812,0.01086277407103041,0.03864600692521443,0.049509081146148035
21.875,0.05000860669461622,0.010862774075127103,0.03914582990482168,0.050008910026435045
22.0,0.05051717729366798,0.010862774079167524,0.039654397691830746,0.05051748961480362
22.125,0.05103768178703562,0.010862774083146043,0.040174902553990866,0.05103800037764351
22.25,0.05157287459359068,0.010862774087079545,0.040710100108749175,0.05157319203172205
22.375,0.05212197779168535,0.010862774090951145,0.04125919966501806,0.052122303389350456
22.5,0.05268324537939895,0.010862774094777728,0.04182046642294857,0.052683581948640486
22.625,0.05326025579631149,0.010862774098548036,0.04239747619447425,0.05326059762084592
22.75,0.053850116326369546,0.0108627741022677,0.042987331745833766,0.05385046497356495
22.875,0.054453743188402806,0.010862774105936716,0.04359095948374917,0.05445410451283988
23.0,0.05507514700068448,0.010862774109555088,0.044212371870456124,0.05507551689954683
23.125,0.055710685937426244,0.010862774113122814,0.04484791048450446,0.05571106731495468
23.25,0.05636189279239343,0.01086277411664552,0.045499115403311106,0.05636228403512085
23.375,0.057034316740007196,0.01086277412011758,0.04617153916652863,0.05703471369901813
23.5,0.05772422375635798,0.010862774123538995,0.04686144664387002,0.05772463887839879
23.625,0.058432604971248935,0.01086277412691539,0.04756982914953467,0.0584330272847432
23.75,0.05916125824804393,0.010862774130246769,0.04829848049016911,0.05916170222809668
23.875,0.059912615312190214,0.0108627741335275,0.04904983764651352,0.05991305938444109
24.0,0.06068803032359328,0.01086277413676884,0.049825251874232555,0.06068847951283988
24.125,0.06148463361573003,0.010862774139965161,0.05062185544296367,0.06148510668429003
24.25,0.062303537328437734,0.010862774143122091,0.0514407635811812,0.06230402662386707
24.375,0.06314442453067469,0.010862774146228375,0.05228164585081866,0.06314492069486405
24.5,0.06401739667909744,0.01086277414929527,0.053154621917661564,0.06401790856306647
24.625,0.06491633988579235,0.010862774152317144,0.05405356097544102,0.06491685942220544
24.75,0.0658417727651913,0.010862774155299626,0.05497899408533528,0.06584231023413897
24.875,0.06679551623018846,0.010862774158242718,0.0559327386567099,0.06679607250755287
25.0,0.0677913193256113,0.01086277416114642,0.056928543273401744,0.06779189482628399
25.125,0.06881632617593171,0.010862774164005102,0.057953550354217453,0.06881691960913898
25.25,0.06986142645429629,0.010862774166830019,0.0589986492496102,0.069862036206571
25.375,0.0709107044600288,0.010862774169615546,0.06004792582627183,0.0709113304852719
25.5,0.07199110509405683,0.010862774172361681,0.06112832848865854,0.07199175084969789
25.625,0.07309030262004933,0.010862774175068425,0.06222752481607546,0.07309097077983384
25.75,0.07422092241823133,0.010862774177741405,0.06335814816388513,0.07422160592900302
25.875,0.07539349236157006,0.010862774180380622,0.06453071354341684,0.07539419491125378
26.0,0.07657823245691028,0.01086277418297482,0.06571545792596972,0.07657895109516616
26.125,0.07778136031505205,0.010862774185535252,0.06691858292596972,0.07778211149924472
26.25,0.07898879267297843,0.01086277418806755,0.06812601542219328,0.07898956169750755
26.375,0.08017161965730327,0.010862774190566084,0.0693088420838247,0.08017240606117824
26.5,0.08136021478658717,0.010862774193025225,0.07049743961025975,0.08136102719033232
26.625,0.08256065737444829,0.010862774195450602,0.07169787980096971,0.08256148508308157
26.75,0.08375746389890365,0.010862774197842217,0.07289468517294857,0.08375831405777946
26.875,0.08494927443766521,0.010862774200200067,0.07408649856985189,0.08495014515672206
27.0,0.0861293758150314,0.01086277420252978,0.07526659911743497,0.08613027520770393
27.125,0.08729683452502478,0.01086277420482573,0.076434054508296,0.08729774830060423
27.25,0.08845319488617588,0.010862774207087915,0.07759041662121141,0.08845412811555892
27.375,0.08959595026206393,0.010862774209321963,0.07873317176660416,0.08959691276435046
27.5,0.09072421900815474,0.010862774211527875,0.07986144074319027,0.09072519944297583
27.625,0.0918382200949862,0.010862774213700023,0.08097544187612077,0.09183921237726586
27.75,0.09293458829113364,0.010862774215844036,0.08207181177793346,0.09293560588179758
27.875,0.09401355985428271,0.01086277421795991,0.0831507805751389,0.09401460418240182
28.0,0.09507700755877077,0.010862774220042021,0.08421423058458,0.09507806009252266
28.125,0.0961233179374764,0.010862774222095995,0.08526053911932319,0.0961243922299849
28.25,0.09715410445752101,0.01086277422412746,0.08629132886630204,0.09715520557968278
28.375,0.0981688254549424,0.010862774226130788,0.08730604516161926,0.09816993957703928
28.5,0.0991664782751723,0.01086277422810598,0.08830369669107546,0.09916761470921451
28.625,0.10014629075894543,0.010862774230053034,0.08928351636630204,0.1001474461858006
28.75,0.10112357931915007,0.01086277423197758,0.09026079874923255,0.10112474037009063
28.875,0.10209746807363458,0.010862774233868363,0.0912346941419818,0.10209865936555891
29.0,0.10306124960907996,0.010862774235731008,0.09219847576962531,0.10306246459592144
29.125,0.10401405956809974,0.010862774237576771,0.09315128213291836,0.10401528276057402
29.25,0.10495603624787575,0.010862774239394397,0.09409325484817516,0.10495726727719033
29.375,0.10588917343277945,0.010862774241189515,0.09502640014651352,0.10589043617824774
29.5,0.10681016351521196,0.010862774242956496,0.09594739004454977,0.10681143787764351
29.625,0.1077244807586209,0.010862774244700966,0.09686170037309963,0.1077257718089124
29.75,0.10864421464165172,0.010862774246422928,0.09778143932702713,0.10864552256419939
29.875,0.1095676825485921,0.010862774248116753,0.09870490751056187,0.10956901435045317
30.0,0.11048465048798621,0.010862774249788069,0.09962187314500295,0.11048600358761329
30.125,0.11139496863788709,0.010862774251442504,0.10053219461403619,0.11139634865936555
30.25,0.11229932848420388,0.0108627742530688,0.10143654459515401,0.1123007104418429
30.375,0.1131996661874823,0.010862774254672589,0.10233688211403619,0.11320104796072508
30.5,0.11409544008376014,0.010862774256253867,0.10323266430814494,0.11409685375755287
30.625,0.11498623528149193,0.010862774257818265,0.10412345452717818,0.11498765577794562
30.75,0.1159066952247274,0.010862774259360152,0.10504391336403618,0.11590812641616315
30.875,0.11683001330972077,0.010862774260873903,0.10596723993125673,0.11683148838746224
31.0,0.11775247856209285,0.0108627742623764,0.10688970499923256,0.1177539770581571
31.125,0.1186766379549424,0.010862774263856387,0.10781385766161926,0.11867812972054381
31.25,0.11959981774275397,0.010862774265313865,0.1087370426125256,0.1196013500755287
31.375,0.12052485301775515,0.010862774266748832,0.10966206857551655,0.12052637603851964
31.5,0.1214523430677339,0.01086277426816692,0.11058956102264646,0.12145388028700907
31.625,0.12241182586577724,0.010862774269568123,0.11154904695542592,0.12241340162386707
31.75,0.12339329791573239,0.01086277427094682,0.11253051882098482,0.12339489709214502
31.875,0.12438569544305254,0.010862774272308631,0.11352291874545613,0.12438730881797583
32.0,0.12538813104082092,0.010862774273647935,0.11452534982551654,0.12538976350075529
32.125,0.12639781571587047,0.010862774274975985,0.11553503874167968,0.12639946421827794
32.25,0.12741217944557212,0.010862774276281524,0.11654940099621142,0.1274138500755287
32.375,0.12844161756809386,0.010862774277564555,0.11757883358684586,0.12844330626888217
32.5,0.12952164940963698,0.010862774278836331,0.11865887040708754,0.1295233666918429
32.625,0.13061714748601538,0.010862774280091225,0.119754367008296,0.1306188868957704
32.75,0.13172404355513004,0.010862774281329236,0.12086126372279751,0.13172580721299093
32.875,0.13284939077325458,0.010862774282550365,0.1219866059622235,0.13285117305513594
33.0,0.13403336447171213,0.010862774283748987,0.12317058915708755,0.13403519165407854
33.125,0.13523462531789912,0.010862774284936353,0.12437184954228392,0.13523647564199395
33.25,0.13645665379089172,0.010862774286106837,0.12559386851887003,0.1364585064199396
33.375,0.13771810848547253,0.010862774287260438,0.12685532763896065,0.13771998914274924
33.5,0.1390405061381821,0.010862774288402786,0.1281777289795951,0.13904242588746224
33.625,0.1403904595043724,0.010862774289522623,0.1295276746933413,0.1403923952039275
33.75,0.1417681068812252,0.010862774290631207,0.13090532999923254,0.14177008591389728
33.875,0.14323167138229323,0.010862774291722908,0.13236888740104524,0.14323369052114804
34.0,0.1447452879384205,0.010862774292797727,0.13388250616992742,0.14474733289274924
34.125,0.14629710909102978,0.010862774293861293,0.1354343259395649,0.14629918806646525
34.25,0.14790058424105457,0.010862774294907975,0.13703780025980658,0.147902685989426
34.375,0.14960638778087235,0.010862774295943404,0.13874360416841686,0.14960853710347433
34.5,0.1513831838740323,0.010862774296967578,0.1405204050558791,0.15138538519637462
34.625,0.15324048045178554,0.010862774297969242,0.14237770301660416,0.15324273036253777
34.75,0.1551988607446953,0.01086277429895965,0.14433607962158906,0.1552011423716012
34.875,0.15724886292057094,0.010862774299938805,0.14638608198186095,0.1572512037386707
35.0,0.15940984858486948,0.010862774300906706,0.1485470643270271,0.15941224509063445
35.125,0.16171653033023153,0.01086277430186335,0.15085374625678544,0.16171898602719034
35.25,0.16416645338167957,0.010862774302797487,0.15330367308835643,0.1641689718655589
35.375,0.16678338180495894,0.010862774303725996,0.15592060095844706,0.16678595874244714
35.5,0.16960465583916517,0.010862774304637623,0.1587418693685679,0.1696073097620846
35.625,0.17263944919736005,0.010862774305537996,0.16177667157778242,0.17264217097809667
35.75,0.17591652769336527,0.010862774306427113,0.16505374389651353,0.1759193259063444
35.875,0.1794781641657619,0.01086277430729935,0.1686153823972688,0.17948105881797582
36.0,0.1833773840590186,0.010862774308165957,0.1725145987869969,0.1833803932212991
36.125,0.1876841542223789,0.010862774309015683,0.17682137512763135,0.18768725217145016
36.25,0.19247466487826898,0.010862774309854155,0.18161187739349238,0.19247788425226586
36.375,0.1978685315642112,0.010862774310686999,0.18700575956871895,0.19787191984516617
36.5,0.20398587690739473,0.01086277431150859,0.19312308868503317,0.2039894259818731
36.625,0.21103778850636093,0.010862774312313297,0.20017501466690626,0.21104151718277947
36.75,0.2193087436641451,0.010862774313106751,0.20844595027868876,0.21931266521903323
36.875,0.2291525526709427,0.010862774313894576,0.21828977108684586,0.22915676925981873
37.0,0.2413912309260527,0.010862774314671147,0.2305284417817099,0.2413957467900302
37.125,0.2571458384349627,0.010862774315430836,0.24628304431192138,0.2571507741691843
37.25,0.27872432466720165,0.01086277431617927,0.2678615469554259,0.2787298904833837
37.375,0.31137995417384584,0.010862774316927705,0.30051715968201204,0.31138640011329305
37.5,0.37165576669744854,0.01086277431765363,0.3607929810566344,0.3716639208836858
37.625,0.506361439869123,0.010862774318379556,0.4954986315475709,0.5063733006042296
37.75,0.5134377378711528,0.010862774319094225,0.5025749627409244,0.5134499150302115
37.875,0.5135272161478003,0.010862774319792014,0.5026644170460604,0.5135393693353474
38.0,0.5136169710188113,0.010862774320489803,0.5027541545838247,0.5136290596676737
38.125,0.5137065875926407,0.01086277432117071,0.502843797710713,0.51371875
38.25,0.5137961580674094,0.010862774321840362,0.502933346426725,0.5138082987160121
38.375,0.5138859590374811,0.010862774322510014,0.5030231783753655,0.5138981306646526
38.5,0.5139760366019165,0.01086277432316841,0.5031132463511963,0.5139881986404834
38.625,0.5140663907607156,0.010862774323815553,0.5032035975596555,0.5140785498489426
38.75,0.5141570215138784,0.010862774324457068,0.5032942320007431,0.5141691370845921
38.875,0.5142478827623442,0.010862774325081702,0.5033851024690211,0.5142600547583082
39.0,0.5143390667042343,0.010862774325706336,0.5034762561699274,0.5143511612537764
39.125,0.5144304350423669,0.010862774326319713,0.503567645898024,0.5144425981873112
39.25,0.5145221260739237,0.010862774326921837,0.5036593188587491,0.5145342711480363
39.375,0.5146140476007837,0.010862774327518334,0.5037512278466646,0.5146262273413897
39.5,0.5147062457220072,0.010862774328109203,0.5038434672726465,0.5147184195619335
39.625,0.5147986743385338,0.010862774328688818,0.5039358955203805,0.5148108478096677
39.75,0.5148914256484847,0.010862774329262805,0.5040286070007431,0.5149036064954683
39.875,0.5149842230574962,0.010862774329825539,0.5041214128919818,0.5149963651812689
40.0,0.5150766977730835,0.010862774330382644,0.504213888345154,0.515088840634441
40.125,0.5151693568849132,0.01086277433093412,0.5043065526200785,0.5151815049093655
40.25,0.5152622925911065,0.010862774331474345,0.5043995001276314,0.5152744524169184
40.375,0.5153554587926029,0.010862774332008942,0.5044926836623745,0.5153676359516617
40.5,0.515448901588463,0.010862774332537909,0.5045861032243081,0.5154611027190332
40.625,0.5155483833612632,0.01086277433306125,0.5046855650823141,0.5155605645770392
40.75,0.5156523367429428,0.01086277433356771,0.5047895586623745,0.5156645109516617
40.875,0.5157566128180466,0.010862774334079797,0.5048938354750634,0.5157688349697885
41.0,0.5158612576856354,0.010862774334575002,0.5049984427258186,0.5158734422205438
41.125,0.5159661791475878,0.010862774335070206,0.5051033804146404,0.5159783327039275
41.25,0.5160713772039038,0.010862774335554156,0.5052086013360906,0.5160836008308157
41.375,0.5161769440527049,0.01086277433603248,0.5053141526956072,0.5161891521903323
41.5,0.5162827874958695,0.010862774336505175,0.5054199872877522,0.5162949867824773
41.625,0.5163889536324585,0.010862774336966616,0.5055261523179637,0.5164011518126889
41.75,0.5164947509765625,0.010862774337428056,0.5056319397046706,0.5165069391993957
41.875,0.5166006866178484,0.010862774337878243,0.5057378687076918,0.5166128682024169
42.0,0.5167068527544373,0.010862774338328428,0.5058440337379032,0.5167190804380665
42.125,0.5168133876835111,0.01086277433876736,0.5059505764116192,0.5168255759063444
42.25,0.5169201531078881,0.010862774339200664,0.5060573551125256,0.5169323546072507
42.375,0.5170272412256892,0.010862774339628341,0.5061644642514984,0.5170394637462236
42.5,0.5171346520369147,0.010862774340050391,0.5062718566230996,0.5171469033232629
42.625,0.5172423855415644,0.010862774340466813,0.5063795794327673,0.5172545789274925
42.75,0.5173576792921545,0.010862774340883235,0.5064949023179637,0.5173699490181269
42.875,0.5174738028258355,0.010862774341282775,0.5066110276956072,0.5174860271903323
43.0,0.5175902951520015,0.010862774341687942,0.5067274835113171,0.5176025302114804
43.125,0.5177071101715918,0.010862774342076229,0.5068443169705317,0.5177193636706948
43.25,0.5178243400827275,0.010862774342470141,0.5069615280732507,0.5178365747734139
43.375,0.517941846588227,0.010862774342852799,0.5070790696140361,0.5179541163141994
43.5,0.5180596757871507,0.010862774343241085,0.5071968943874501,0.5180719410876133
43.625,0.518176951797347,0.010862774343612488,0.5073141526956072,0.5181891993957704
43.75,0.518294504401907,0.010862774343978265,0.5074316942363927,0.5183067881419939
43.875,0.5184124718980127,0.010862774344344042,0.5075496606261207,0.518424707326284
44.0,0.5185307159884819,0.010862774344698562,0.5076679102484772,0.5185430041540785
44.125,0.518649328871436,0.010862774345047456,0.5077865375143383,0.5186616314199396
44.25,0.5187683566459356,0.01086277434539635,0.5079055424237039,0.518780589123867
44.375,0.5188876610147989,0.010862774345739618,0.5080248777711359,0.5188999244712991
44.5,0.5190073341761471,0.01086277434607163,0.5081445435566344,0.5190196374622357
44.625,0.5191273761299802,0.01086277434640927,0.5082645869856374,0.5191396336858006
44.75,0.5192521662870563,0.010862774346741282,0.5083893509584471,0.5192643976586103
44.875,0.5193820734398603,0.010862774347073294,0.508519260324006,0.5193943542296072
45.0,0.519512487682331,0.010862774347394051,0.5086496889493836,0.5195247356495468
45.125,0.5196432707172867,0.01086277434771481,0.5087804952182657,0.5196555891238671
45.25,0.5197745147428484,0.010862774348024313,0.5089117263360906,0.5197868202416919
45.375,0.5199061736599556,0.010862774348333815,0.509043382302858,0.5199184762084592
45.5,0.5200371410911537,0.010862774348632065,0.5091743301880544,0.5200494240936556
45.625,0.520168431215776,0.010862774348930312,0.5093056557167552,0.5201807968277946
45.75,0.5203002284300652,0.010862774349234187,0.5094374532998368,0.5203125472054381
45.875,0.5204324405358998,0.010862774349526809,0.5095696285264228,0.5204447224320242
46.0,0.5205650214342192,0.010862774349808176,0.5097022286019516,0.5205773225075528
46.125,0.5206980633231448,0.010862774350095169,0.5098352535264229,0.5207103946374623
46.25,0.5208315201036159,0.010862774350376535,0.5099687032998368,0.5208438444108762
46.375,0.5209654378746932,0.010862774350646648,0.5101026251276314,0.5209777662386706
46.5,0.5210997705373159,0.010862774350922385,0.5102369718043686,0.5211120657099698
46.625,0.5212344719924236,0.010862774351192497,0.5103716961246102,0.5212468372356496
46.75,0.521372169886471,0.010862774351451355,0.5105093943874501,0.5213845354984894
46.875,0.5215188570973376,0.01086277435171584,0.5106560616835226,0.5215312027945619
47.0,0.5216660974969316,0.010862774351974696,0.5108032954448519,0.5216784365558912
47.125,0.5218138449861924,0.010862774352227926,0.5109510484659999,0.5218261895770393
47.25,0.5219620995651199,0.010862774352475528,0.5110993207469667,0.521974461858006
47.375,0.5221102158468656,0.010862774352728758,0.5112474042061812,0.5221225925226586
47.5,0.52225823993049,0.010862774352970733,0.5113954404599577,0.522270628776435
47.625,0.5224068633019023,0.010862774353212708,0.5115440431789908,0.5224191842900302
47.75,0.5225559015648603,0.010862774353449055,0.5116931179524048,0.5225683062688822
47.875,0.5227054930165455,0.010862774353679777,0.5118427119856374,0.5227179003021148
48.0,0.5228556837560187,0.010862774353916124,0.5119928724841268,0.5228680608006042
48.125,0.5230063815851587,0.010862774354141217,0.512143599447873,0.5230188349697885
48.25,0.5231576787020865,0.01086277435436631,0.512294892876876,0.5231700811933535
48.375,0.5233095290077417,0.010862774354585776,0.5124467527711358,0.5233219410876133
48.5,0.5234619325021242,0.010862774354805241,0.5125991319252144,0.5234743202416918
48.625,0.5236148891852341,0.01086277435501908,0.5127520775445498,0.5236273130664653
48.75,0.5237722252791022,0.010862774355232918,0.5129094132696254,0.5237846015861027
48.875,0.5239397492653654,0.01086277435544113,0.5130769453693232,0.5239521808912386
49.0,0.5241080108365984,0.01086277435564934,0.5132452327560302,0.5241204210725076
49.125,0.5242769638937406,0.010862774355851925,0.51341418101887,0.5242894165407855
49.25,0.5244467006349132,0.010862774356054507,0.513583884568719,0.5244591200906344
49.375,0.5246162990789038,0.010862774356251464,0.5137534937076917,0.5246287292296072
49.5,0.5247860819191371,0.010862774356448422,0.5139232916684169,0.5247985743957704
49.625,0.5249566484434007,0.01086277435663975,0.514093844916151,0.5249691276435046
49.75,0.5251279064535734,0.010862774356831079,0.5142651062454561,0.5251403417673716
49.875,0.5252998559496554,0.010862774357016781,0.5144370756563322,0.5253123583836858
50.0,0.5254725891297678,0.010862774357202483,0.5146098003542174,0.525485083081571
50.125,0.5256461059939105,0.010862774357388184,0.5147833275445498,0.5256586102719033
50.25,0.525820360443023,0.010862774357568258,0.5149575628164531,0.5258328455438066
50.375,0.525995398576166,0.010862774357748333,0.5151326005808036,0.5260078833081571
50.5,0.526171128195218,0.01086277435792278,0.515308346426725,0.5261836763595166
50.625,0.5263477336964218,0.0108627743580916,0.5154849419705316,0.5263602246978852
50.75,0.526536647646809,0.010862774358266047,0.5156738581336736,0.5265491408610272
50.875,0.5267304480976208,0.010862774358434867,0.5158676364569365,0.5267429191842901
51.0,0.526925170529645,0.01086277435859806,0.5160623588889607,0.5269376888217523
51.125,0.5271209071410027,0.01086277435876688,0.5162581198406223,0.5271334497734139
51.25,0.5273176579316937,0.010862774358924444,0.5164548721064833,0.5273302020392749
51.375,0.5275154690007788,0.01086277435908201,0.5166526628919818,0.5275279928247734
51.5,0.5277142020510763,0.010862774359239574,0.5168513977862417,0.5277267277190333
51.625,0.5279139492807071,0.01086277435939714,0.5170511712001389,0.5279265483383686
51.75,0.5281147567887321,0.010862774359549078,0.5172519359282356,0.5281273130664652
51.875,0.528316624575151,0.010862774359701016,0.5174538335868458,0.5283292107250755
52.0,0.5285195526399641,0.010862774359847326,0.5176567697650936,0.5285321469033233
52.125,0.5287224346057166,0.010862774359999263,0.5178596587379033,0.528735083081571
52.25,0.5289262385526813,0.010862774360145575,0.5180634446140362,0.5289388689577039
52.375,0.5291311488771007,0.010862774360286258,0.5182683634206827,0.5291437405589123
52.5,0.5293371655789747,0.010862774360421313,0.5184743679524048,0.5293497450906345
52.625,0.5295564127112443,0.010862774360561997,0.5186936372122235,0.5295690615558912
52.75,0.5297805924429995,0.010862774360697052,0.5189178158376011,0.5297932401812688
52.875,0.5300062012456335,0.010862774360832108,0.5191434106261208,0.5300188349697885
53.0,0.5302331930200859,0.010862774360967165,0.5193703743723443,0.5302458459214502
53.125,0.5304616138654173,0.010862774361096592,0.519598801487148,0.5304742730362538
53.25,0.5306915098806883,0.01086277436123165,0.5198286919705316,0.5307041163141994
53.375,0.5309227888677776,0.01086277436135545,0.5200599986170573,0.5309354701661632
53.5,0.5311607983177162,0.010862774361479251,0.5202980084357884,0.5311734799848943
53.625,0.5314056304286254,0.010862774361603052,0.5205428158376011,0.5314182873867069
53.75,0.5316520299075953,0.010862774361732481,0.5207892282243081,0.5316646997734139
53.875,0.5319000889527473,0.010862774361850654,0.5210372928013474,0.5319127643504532
54.0,0.5321498075640814,0.010862774361968829,0.521287009568719,0.5321624811178248
54.125,0.5324011857415974,0.010862774362087001,0.5215383785264229,0.5324138972809668
54.25,0.5326542234852955,0.010862774362199549,0.5217914468798972,0.532666965634441
54.375,0.5329156973570855,0.010862774362317723,0.5220529178013473,0.5329284365558913
54.5,0.5331863449419373,0.010862774362430268,0.5223235465777825,0.5331991125377643
54.625,0.5334592974798197,0.010862774362542816,0.5225964884206827,0.5334720543806647
54.75,0.5337346010697932,0.010862774362649735,0.5228717905354864,0.5337473564954682
54.875,0.5340109649381609,0.01086277436276228,0.5231481783753655,0.5340237443353474
55.0,0.5342891266698924,0.010862774362863573,0.5234263128164531,0.5343019259818731
55.125,0.5345696855527757,0.010862774362970493,0.5237069019403202,0.5345825151057402
55.25,0.5348632443707515,0.010862774363071785,0.5240004253542174,0.5348760385196375
55.375,0.5351650088215162,0.010862774363178703,0.5243022097197764,0.5351778228851963
55.5,0.5354695392159177,0.010862774363279995,0.5246067320007431,0.5354823923716012
55.625,0.5357767894548952,0.010862774363381287,0.5249139921971178,0.5357896053625377
55.75,0.5360868056375094,0.01086277436348258,0.5252239903089002,0.5360996506797583
55.875,0.5363995877637604,0.010862774363572617,0.5255367735415286,0.5364124339123867
56.0,0.5367167032017088,0.010862774363673909,0.5258538996744592,0.5367295600453172
56.125,0.5370546554150538,0.010862774363763945,0.526191843405577,0.5370675037764351
56.25,0.5373942210955202,0.01086277436385961,0.5265314393270272,0.5374071469033233
56.375,0.5377368754130476,0.010862774363949647,0.5268740563965135,0.5377497639728097
56.5,0.5380831254573026,0.010862774364039684,0.5272203082847311,0.5380960158610272
56.625,0.5384332017235886,0.010862774364129722,0.5275703838134319,0.5384461385951662
56.75,0.5387873347072083,0.010862774364219759,0.5279245190098065,0.5388003209969788
56.875,0.5391621661690427,0.010862774364309796,0.5282993773934924,0.5391751793806646
57.0,0.5395475082166966,0.010862774364394206,0.528684715384429,0.5395605173716012
57.125,0.5399377367647753,0.010862774364478616,0.5290749155354864,0.5399507647280967
57.25,0.5403329901104608,0.010862774364563026,0.529470213873855,0.5403460630664653
57.375,0.5407335448481165,0.010862774364641808,0.5298707520158489,0.5407466012084592
57.5,0.5411386633927728,0.010862774364726218,0.5302758690853353,0.5411517182779456
57.625,0.5415631435428861,0.010862774364805,0.5307003403844289,0.5415761895770392
57.75,0.5420012690149405,0.01086277436488941,0.5311384540551238,0.5420143504531723
57.875,0.5424462171479655,0.010862774364962566,0.5315834125143383,0.5424593561178248
58.0,0.5428983567344458,0.01086277436503572,0.5320355462001389,0.5429114425981874
58.125,0.5433663543977766,0.010862774365114503,0.5325035409131298,0.5433795317220543
58.25,0.5438574015914134,0.010862774365193286,0.5329946190853353,0.5438705626888217
58.375,0.5443569771112632,0.010862774365266442,0.5334941942363927,0.5443701850453172
58.5,0.5448654036507505,0.010862774365339598,0.5340025968043685,0.544878587613293
58.625,0.5453889967811792,0.010862774365412753,0.5345261995234017,0.5454022375377644
58.75,0.5459434762822177,0.01086277436548028,0.5350806745989305,0.545956712613293
58.875,0.5465089273596818,0.010862774365553435,0.5356461485415286,0.5465222337613294
59.0,0.5470879315609658,0.010862774365620963,0.5362251232394138,0.5471012084592145
59.125,0.5476895704010102,0.010862774365682865,0.536826756547571,0.5477028889728097
59.25,0.5483307622350595,0.010862774365750392,0.5374679480128277,0.5483440804380665
59.375,0.548988549730929,0.01086277436581792,0.5381257557922839,0.5490019354229607
59.5,0.5496646385538614,0.010862774365885447,0.5388018320762719,0.5496780589123867
59.625,0.5503779754177681,0.010862774365947347,0.5395151534508942,0.5503914274924472
59.75,0.5511271773508308,0.01086277436600925,0.5402643981638852,0.551140625
59.875,0.5519015954700481,0.01086277436607115,0.5410388033753655,0.5519150774169185
60.0,0.552729626796757,0.010862774366138677,0.5418668339644893,0.5527431552114803
60.125,0.55359112604147,0.010862774366194951,0.5427283332092023,0.5536047016616314
60.25,0.5545205753015248,0.010862774366262479,0.543657761079293,0.5545341767371601
60.375,0.5555008257263737,0.010862774366318752,0.5446380292061812,0.5555144448640483
60.5,0.5565607353279598,0.010862774366375024,0.5456979329070876,0.5565744429758308
60.625,0.5576912225913425,0.010862774366431299,0.5468284087379033,0.5577049660120846
60.75,0.5589212838256468,0.010862774366487572,0.5480584880430392,0.5589350925226586
60.875,0.5602706955278748,0.010862774366543844,0.5494079026956071,0.5602846015861027
61.0,0.5617564682513926,0.010862774366600119,0.5508936466533111,0.5617703927492447
61.125,0.5633822899210489,0.010862774366656391,0.5525194963511963,0.5633962896525679
61.25,0.5650490475565285,0.010862774366707037,0.554186225958447,0.5650631136706948
61.375,0.5668160245497781,0.010862774366757684,0.555953219916151,0.5668302020392749
61.5,0.5687870359852955,0.010862774366813956,0.5579242357771782,0.5688012651057401
61.625,0.5708084336940615,0.010862774366864603,0.5599456198406223,0.5708227435800605
61.75,0.5727958102960962,0.010862774366915249,0.5619330159886585,0.5728102813444109
61.875,0.574682690945997,0.010862774366971521,0.5638199117590513,0.5746972243202417
62.0,0.5763551187659318,0.01086277436701654,0.56549230601887,0.5763697129909365
62.125,0.5779089337029126,0.010862774367061559,0.5670461202182658,0.5779236216012085
62.25,0.5793425222898178,0.010862774367112206,0.5684797021669062,0.579357250755287
62.375,0.580680639722196,0.010862774367157223,0.5698178347197763,0.5806954305135952
62.5,0.5819321370196847,0.010862774367207869,0.5710693452937945,0.5819469882930514
62.625,0.5831173899670742,0.010862774367252888,0.5722545794327673,0.5831322696374622
62.75,0.5842334482244854,0.010862774367297906,0.5733706576049727,0.5842483950151057
62.875,0.5852893472077983,0.010862774367342926,0.5744265488436434,0.5853043806646525
63.0,0.5862915407854985,0.010862774367387943,0.5754287202937944,0.5863065521148036
63.125,0.5872374935092523,0.010862774367432963,0.5763746700672084,0.5872525962990937
63.25,0.5881454145080013,0.01086277436747798,0.5772826194629788,0.5881605929003021
63.375,0.5890303320755051,0.010862774367517373,0.5781675326049728,0.5890455060422961
63.5,0.5899049234534318,0.01086277436756239,0.5790421077560302,0.5899201283987915
63.625,0.5907517170978097,0.010862774367601783,0.5798889261095045,0.5907669939577039
63.75,0.5915707130086386,0.0108627743676468,0.5807078932545195,0.591585961102719
63.875,0.5923611275018882,0.010862774367686193,0.5814983483149425,0.5923765105740181
64.0,0.5931254960258922,0.010862774367725583,0.5822626987681148,0.5931408610271903
64.125,0.5938657547411962,0.010862774367759348,0.5830029744478731,0.5938811367069486
64.25,0.5945828256290124,0.010862774367798738,0.5837200250521026,0.5945982345166163
64.375,0.5952774001752502,0.01086277436783813,0.5844146058678126,0.5952928625377644
64.5,0.5959534889981826,0.010862774367871895,0.5850906821518005,0.5959689860271903
64.625,0.5966125672677492,0.010862774367916913,0.5857497644780845,0.5966280211480363
64.75,0.5972520995356165,0.010862774367950677,0.586389303753009,0.5972676548338368
64.875,0.597876050320997,0.010862774367990068,0.5870132652333715,0.5978916163141994
65.0,0.598486401883497,0.01086277436802946,0.5876235843421329,0.5985019826283988
65.125,0.5990799733879343,0.010862774368063223,0.5882171927258186,0.5990956382175227
65.25,0.5996610059478852,0.010862774368096987,0.5887981972575407,0.5996766427492447
65.375,0.6002593717546262,0.010862774368125125,0.5893965733904712,0.6002750660876133
65.5,0.6008583829482156,0.010862774368158887,0.5899955631940966,0.6008740558912387
65.625,0.6014494651033799,0.010862774368192652,0.5905866696895649,0.601465209592145
65.75,0.6020301749699065,0.010862774368220788,0.5911673909886586,0.6020459308912387
65.875,0.6026030479961292,0.010862774368254552,0.5917402289795951,0.6026187688821752
66.0,0.6031694671538661,0.010862774368288317,0.5923066470309546,0.6031852341389728
66.125,0.6037268508957232,0.01086277436832208,0.5928640488436434,0.6037426831570997
66.25,0.6042789332456099,0.010862774368355844,0.5934161164418308,0.604294750755287
66.375,0.6048192603350406,0.01086277436838398,0.5939564770913776,0.6048351586102719
66.5,0.6053568675798952,0.010862774368412117,0.5944940526200785,0.6053727341389729
66.625,0.6058858082013548,0.010862774368440254,0.5950229895536132,0.6059017182779456
66.75,0.6064123977707232,0.01086277436846839,0.5955496134206827,0.6064283893504532
66.875,0.6069314731932118,0.010862774368496527,0.5960686844176616,0.6069474603474321
67.0,0.6074485202570337,0.010862774368524664,0.5965857255808036,0.6074645015105741
67.125,0.6079846984310092,0.010862774368558427,0.5971218849463624,0.608000708081571
67.25,0.6085415750831996,0.010862774368586564,0.5976787674992325,0.608557590634441
67.375,0.6090973914569958,0.010862774368614702,0.5982346115324652,0.6091134818731118
67.5,0.6096515482646101,0.01086277436863721,0.5987887561699274,0.609667626510574
67.625,0.610206580954376,0.010862774368665347,0.5993437977107129,0.6102227152567976
67.75,0.6107588016014445,0.010862774368693484,0.5998960069252144,0.6107749716767371
67.875,0.6113129123099981,0.010862774368715994,0.6004501043572386,0.6113290691087613
68.0,0.6118654095514303,0.010862774368738502,0.6010025968043685,0.6118816087613294
68.125,0.6124356549311981,0.01086277436876664,0.6015728384962115,0.6124518504531722
68.25,0.6130379852571516,0.010862774368789149,0.6021751798859395,0.6130541918429003
68.375,0.6136438191117116,0.010862774368817284,0.6027810144780845,0.6136600736404834
68.5,0.6142522806127266,0.010862774368839794,0.6033894925747613,0.6142685517371601
68.625,0.614865075425439,0.010862774368862304,0.604002266366302,0.614881419939577
68.75,0.6154814659648792,0.010862774368884814,0.604618674976574,0.6154978285498489
68.875,0.6161024203113199,0.010862774368907322,0.6052396153089002,0.6161187688821752
69.0,0.6167265554929428,0.010862774368929832,0.6058637656110151,0.6167429663897281
69.125,0.6174160130434526,0.010862774368952341,0.6065532010339758,0.617432496223565
69.25,0.6181101265990843,0.01086277436897485,0.6072473097953051,0.6181266049848942
69.375,0.6188114777072319,0.010862774369002987,0.6079486881940966,0.6188279833836858
69.5,0.619523108905896,0.010862774369025496,0.6086603101729485,0.6195396525679758
69.625,0.6202399492984092,0.010862774369048006,0.6093771247499878,0.6202565143504531
69.75,0.6209659634039841,0.010862774369064887,0.6101031443874501,0.6209825811933535
69.875,0.6217344347443825,0.010862774369087396,0.6108716489191721,0.6217510857250755
70.0,0.6225527852683629,0.010862774369104279,0.6116900023934924,0.6225694864048338
70.125,0.6233845506189813,0.010862774369121161,0.6125217622122235,0.623401246223565
70.25,0.624231713055844,0.01086277436914367,0.6133689110037642,0.6242484894259819
70.375,0.6250895243757081,0.010862774369160551,0.6142267282243081,0.6251063538519638
70.5,0.6259616725034224,0.010862774369177434,0.615098848692586,0.6259785215256798
70.625,0.6268908451691135,0.010862774369199944,0.6160280405354863,0.6269077605740181
70.75,0.6278719253770534,0.010862774369216826,0.6170091111548217,0.6278888783987916
70.875,0.6288713991101775,0.010862774369233706,0.6180085918950029,0.6288884063444109
71.0,0.6298932308876982,0.010862774369256216,0.6190304480128277,0.6299103096676737
71.125,0.6310031118709876,0.010862774369273099,0.6201402950672084,0.6310202039274925
71.25,0.632138623931977,0.010862774369289981,0.6212758218798972,0.6321557779456194
71.375,0.6333017954293335,0.010862774369312489,0.622439011079293,0.6333190143504531
71.5,0.6345449487968514,0.010862774369329371,0.6236821662907733,0.6345622639728097
71.625,0.6358497366084073,0.010862774369346254,0.6249869245989305,0.6358670694864048
71.75,0.6371899745975736,0.010862774369368763,0.6263271813965136,0.637207420694864
71.875,0.6386181234953267,0.010862774369385646,0.6277553347197764,0.638635668429003
72.0,0.6401384705143033,0.010862774369402526,0.629275680263583,0.6401560611782477
72.125,0.641704639999528,0.010862774369419409,0.6308418150823142,0.6417222432024169
72.25,0.6433453977648225,0.010862774369430664,0.6324825816986284,0.6433631042296073
72.375,0.6451136194327086,0.010862774369447546,0.634250802997722,0.645131419939577
72.5,0.6469913263695478,0.0108627743694588,0.6361285409131299,0.6470092994712991
72.625,0.6489772278016428,0.010862774369470056,0.638114426487148,0.6489952322507553
72.75,0.6510915151175415,0.010862774369492564,0.6402287108527068,0.6511096110271903
72.875,0.6533545641020345,0.010862774369503819,0.6424917395536133,0.6533728285498489
73.0,0.6557802966714266,0.010862774369515073,0.6449174853995346,0.6557986216012085
73.125,0.6584074360366314,0.010862774369526328,0.6475446096442476,0.6584259346676737
73.25,0.6612495814205297,0.01086277436954321,0.6503867546593534,0.6612682685045317
73.375,0.6643655091254013,0.010862774369560091,0.6535026912152446,0.6643843466767372
73.5,0.667777807690946,0.010862774369571346,0.6569149835113172,0.6677967805891238
73.625,0.6715277357764114,0.010862774369588228,0.6606649363058791,0.6715469694108761
73.75,0.6756909880393221,0.010862774369599483,0.6648281727107129,0.6757104418429003
73.875,0.6803258336922914,0.010862774369616366,0.6694630386472689,0.6803455438066466
74.0,0.6855897010273083,0.01086277436962762,0.6747269170460604,0.6856097526435045
74.125,0.6916201496412386,0.010862774369644501,0.6807573645536132,0.6916404833836858
74.25,0.6986053558994996,0.010862774369655756,0.6877425420460603,0.6986260857250756
74.375,0.7068730380239804,0.010862774369672638,0.6960102440853353,0.7068942598187311
74.5,0.7168768568701614,0.010862774369683893,0.7060140677258187,0.7168986027190333
74.625,0.7293954716708365,0.010862774369695148,0.7185326666684169,0.7294178625377643
74.75,0.7458514994364851,0.01086277436971203,0.7349886712001389,0.7458748111782477
74.875,0.7691724610112585,0.010862774369728911,0.7583096681789908,0.7691971299093655
75.0,0.8067937660793524,0.010862774369740166,0.7959309389493836,0.8068204305135952
75.125,0.8888185622108667,0.01086277436975142,0.8779557690098065,0.8888499811178248
75.25,0.9999622909684196,0.010862774369762676,0.989099462363281,1.0
75.375,0.9999622909684196,0.010862774369768303,0.989099462363281,1.0
75.5,0.9999622909684196,0.01086277436977393,0.989099462363281,1.0
75.625,0.9999622909684196,0.010862774369785185,0.989099462363281,1.0
75.75,0.9999622909684196,0.01086277436979644,0.989099462363281,1.0
75.875,0.9999622909684196,0.010862774369807695,0.989099462363281,1.0
76.0,0.9999622909684196,0.010862774369818948,0.989099462363281,1.0
76.125,0.9999622909684196,0.010862774369824576,0.989099462363281,1.0
76.25,0.9999622909684196,0.01086277436983583,0.989099462363281,1.0
76.375,0.9999622909684196,0.010862774369841458,0.989099462363281,1.0
76.5,0.9999622909684196,0.010862774369852713,0.989099462363281,1.0
76.625,0.9999622909684196,0.010862774369863968,0.989099462363281,1.0
76.75,0.9999622909684196,0.010862774369875223,0.989099462363281,1.0
76.875,0.9999622909684196,0.01086277436988085,0.989099462363281,1.0
77.0,0.9999622909684196,0.010862774369886478,0.989099462363281,1.0
77.125,0.9999622909684196,0.010862774369897731,0.989099462363281,1.0
77.25,0.9999622909684196,0.010862774369903358,0.989099462363281,1.0
77.375,0.9999622909684196,0.01086277436992024,0.989099462363281,1.0
77.5,0.9999622909684196,0.010862774369925868,0.989099462363281,1.0
77.625,0.9999622909684196,0.010862774369937123,0.989099462363281,1.0
77.75,0.9999622909684196,0.01086277436994275,0.989099462363281,1.0
77.875,0.9999622909684196,0.010862774369954005,0.989099462363281,1.0
78.0,0.9999622909684196,0.01086277436996526,0.989099462363281,1.0
78.125,0.9999622909684196,0.010862774369976515,0.989099462363281,1.0
78.25,0.9999622909684196,0.01086277436998214,0.989099462363281,1.0
78.375,0.9999622909684196,0.010862774369993396,0.989099462363281,1.0
78.5,0.9999622909684196,0.01086277437000465,0.989099462363281,1.0
78.625,0.9999622909684196,0.010862774370010278,0.989099462363281,1.0
78.75,0.9999622909684196,0.010862774370021533,0.989099462363281,1.0
78.875,0.9999622909684196,0.010862774370032788,0.989099462363281,1.0
79.0,0.9999622909684196,0.010862774370038415,0.989099462363281,1.0
79.125,0.9999622909684196,0.01086277437004967,0.989099462363281,1.0
79.25,0.9999622909684196,0.010862774370055298,0.989099462363281,1.0
79.375,0.9999622909684196,0.01086277437006655,0.989099462363281,1.0
79.5,0.9999622909684196,0.010862774370077806,0.989099462363281,1.0
79.625,0.9999622909684196,0.01086277437008906,0.989099462363281,1.0
79.75,0.9999622909684196,0.01086277437008906,0.989099462363281,1.0
79.875,0.9999622909684196,0.010862774370094688,0.989099462363281,1.0
80.0,0.9999622909684196,0.010862774370100315,0.989099462363281,1.0
80.125,0.9999622909684196,0.010862774370100315,0.989099462363281,1.0
80.25,0.9999622909684196,0.01086277437011157,0.989099462363281,1.0
80.375,0.9999622909684196,0.01086277437011157,0.989099462363281,1.0
80.5,0.9999622909684196,0.010862774370117198,0.989099462363281,1.0
80.625,0.9999622909684196,0.010862774370122825,0.989099462363281,1.0
80.75,0.9999622909684196,0.010862774370122825,0.989099462363281,1.0
80.875,0.9999622909684196,0.01086277437013408,0.989099462363281,1.0
81.0,0.9999622909684196,0.01086277437013408,0.989099462363281,1.0
81.125,0.9999622909684196,0.010862774370139707,0.989099462363281,1.0
81.25,0.9999622909684196,0.010862774370145333,0.989099462363281,1.0
81.375,0.9999622909684196,0.01086277437015096,0.989099462363281,1.0
81.5,0.9999622909684196,0.010862774370156588,0.989099462363281,1.0
81.625,0.9999622909684196,0.010862774370156588,0.989099462363281,1.0
81.75,0.9999622909684196,0.010862774370167843,0.989099462363281,1.0
81.875,0.9999622909684196,0.010862774370167843,0.989099462363281,1.0
82.0,0.9999622909684196,0.01086277437017347,0.989099462363281,1.0
82.125,0.9999622909684196,0.010862774370179098,0.989099462363281,1.0
82.25,0.9999622909684196,0.010862774370179098,0.989099462363281,1.0
82.375,0.9999622909684196,0.010862774370190353,0.989099462363281,1.0
82.5,0.9999622909684196,0.010862774370190353,0.989099462363281,1.0
82.625,0.9999622909684196,0.01086277437019598,0.989099462363281,1.0
82.75,0.9999622909684196,0.010862774370201608,0.989099462363281,1.0
82.875,0.9999622909684196,0.010862774370207235,0.989099462363281,1.0
83.0,0.9999622909684196,0.010862774370212862,0.989099462363281,1.0
83.125,0.9999622909684196,0.01086277437021849,0.989099462363281,1.0
83.25,0.9999622909684196,0.010862774370224117,0.989099462363281,1.0
83.375,0.9999622909684196,0.010862774370224117,0.989099462363281,1.0
83.5,0.9999622909684196,0.010862774370229743,0.989099462363281,1.0
83.625,0.9999622909684196,0.01086277437023537,0.989099462363281,1.0
83.75,0.9999622909684196,0.01086277437023537,0.989099462363281,1.0
83.875,0.9999622909684196,0.010862774370240998,0.989099462363281,1.0
84.0,0.9999622909684196,0.010862774370246625,0.989099462363281,1.0
84.125,0.9999622909684196,0.010862774370252253,0.989099462363281,1.0
84.25,0.9999622909684196,0.01086277437025788,0.989099462363281,1.0
84.375,0.9999622909684196,0.01086277437025788,0.989099462363281,1.0
84.5,0.9999622909684196,0.010862774370269135,0.989099462363281,1.0
84.625,0.9999622909684196,0.010862774370269135,0.989099462363281,1.0
84.75,0.9999622909684196,0.010862774370274763,0.989099462363281,1.0
84.875,0.9999622909684196,0.01086277437028039,0.989099462363281,1.0
85.0,0.9999622909684196,0.010862774370286018,0.989099462363281,1.0
85.125,0.9999622909684196,0.010862774370291645,0.989099462363281,1.0
85.25,0.9999622909684196,0.010862774370291645,0.989099462363281,1.0
85.375,0.9999622909684196,0.010862774370297272,0.989099462363281,1.0
85.5,0.9999622909684196,0.0108627743703029,0.989099462363281,1.0
85.625,0.9999622909684196,0.010862774370308527,0.989099462363281,1.0
85.75,0.9999622909684196,0.010862774370314153,0.989099462363281,1.0
85.875,0.9999622909684196,0.010862774370314153,0.989099462363281,1.0
86.0,0.9999622909684196,0.010862774370325408,0.989099462363281,1.0
86.125,0.9999622909684196,0.010862774370325408,0.989099462363281,1.0
86.25,0.9999622909684196,0.010862774370331035,0.989099462363281,1.0
86.375,0.9999622909684196,0.010862774370336663,0.989099462363281,1.0
86.5,0.9999622909684196,0.01086277437034229,0.989099462363281,1.0
86.625,0.9999622909684196,0.010862774370347918,0.989099462363281,1.0
86.75,0.9999622909684196,0.010862774370353545,0.989099462363281,1.0
86.875,0.9999622909684196,0.010862774370353545,0.989099462363281,1.0
87.0,0.9999622909684196,0.010862774370359173,0.989099462363281,1.0
87.125,0.9999622909684196,0.0108627743703648,0.989099462363281,1.0
87.25,0.9999622909684196,0.0108627743703648,0.989099462363281,1.0
87.375,0.9999622909684196,0.010862774370370427,0.989099462363281,1.0
87.5,0.9999622909684196,0.010862774370376055,0.989099462363281,1.0
87.625,0.9999622909684196,0.010862774370381682,0.989099462363281,1.0
87.75,0.9999622909684196,0.010862774370381682,0.989099462363281,1.0
87.875,0.9999622909684196,0.01086277437038731,0.989099462363281,1.0
88.0,0.9999622909684196,0.010862774370392937,0.989099462363281,1.0
88.125,0.9999622909684196,0.01086277437040419,0.989099462363281,1.0
88.25,0.9999622909684196,0.01086277437040419,0.989099462363281,1.0
88.375,0.9999622909684196,0.010862774370409818,0.989099462363281,1.0
88.5,0.9999622909684196,0.010862774370415445,0.989099462363281,1.0
88.625,0.9999622909684196,0.010862774370415445,0.989099462363281,1.0
88.75,0.9999622909684196,0.010862774370421073,0.989099462363281,1.0
88.875,0.9999622909684196,0.010862774370421073,0.989099462363281,1.0
