event_id,mode,parcels,seed,deposited_keV,induced_keV,analog_keV,reconstructed_keV,accepted,rejection,step_limits,stopped_without_contact
0,legacy,1,0,0.0,0.0,0.0,,false,below_threshold,0,0
2,legacy,1,0,148.80543821129578,148.7930106045016,148.7743134296675,148.8469058153866,true,,0,8
41,legacy,1,0,90.76469492410288,0.0,0.0,,false,below_threshold,0,12
78,legacy,1,0,170.8472340969094,0.0,0.0,,false,below_threshold,0,28
0,native_rcc,16,2609261,0.0,0.0,0.0,,false,below_threshold,0,0
2,native_rcc,16,2609261,148.80543821129578,148.7930106266138,148.77441547362528,148.8469058153866,true,,18,0
41,native_rcc,16,2609261,90.76469492410288,0.9380210658263987,0.7444849383035228,,false,negative_input,6,0
78,native_rcc,16,2609261,170.8472340969094,13.504136506684704,9.995810902855778,,false,negative_input,23,0
41,native_rcc,32,2609261,90.76469492410288,0.6955083306529563,0.5527603069188918,,false,negative_input,13,0
78,native_rcc,32,2609261,170.8472340969094,9.88407233551215,6.850770527478726,,false,negative_input,49,0
41,native_rcc,16,2609262,90.76469492410288,4.254980665290342,3.0791400129890283,3.113952004505996,true,,6,0
78,native_rcc,16,2609262,170.8472340969094,10.69680013198859,8.10695346860605,,false,negative_input,33,0
41,native_rcc,32,2609262,90.76469492410288,3.692514004903451,2.815413216710617,3.113952004505996,true,,16,0
78,native_rcc,32,2609262,170.8472340969094,8.571223684853111,6.316456733817223,,false,negative_input,57,0
