event,mode,dt_ns,packets_per_species,energy_keV,first_x_mm,first_y_mm,first_z_mm,Q_final,rise10_90_ns,drift_end_ns,electrode_carriers,carriers,step_limit_carriers
fixed,point,0.5,1,662.0,16.925,0.0,15.833333,1.0000000921981211,250.6778665448,552.9955728889036,2,2,0
check_dt_1p0,point,1.0,1,662.0,16.925,0.0,15.833333,1.0000000921981211,250.89862269592066,553.9969265555555,2,2,0
check_dt_0p25,point,0.25,1,662.0,16.925,0.0,15.833333,1.0000000921981211,250.56659493672993,552.9948907678772,2,2,0
check_dt_0p125,point,0.125,1,662.0,16.925,0.0,15.833333,1.0000000921981211,250.51115218721787,552.8695510292891,2,2,0
random_01,point,0.5,1,662.0,-22.473368793725967,-13.03995493799448,13.149578124284744,1.0000000921981211,244.30694002332558,656.4944783349347,2,2,0
random_02,point,0.5,1,662.0,23.835044354200363,11.233819648623466,24.329742416739464,1.0000000921981211,246.0610098182242,769.4932833146595,2,2,0
random_03,point,0.5,1,662.0,-14.80609830468893,23.587048053741455,10.747713968157768,1.0000000921981211,243.48226096786465,695.4940658943087,2,2,0
random_04,point,0.5,1,662.0,28.010981157422066,-0.7615069043822587,27.32367068529129,1.0000000921981211,250.84155063124956,874.9921676098893,2,2,0
random_05,point,0.5,1,662.0,22.057125344872475,-32.48484060168266,16.68602228164673,1.0000000921981211,242.930391656996,833.4926064890169,2,2,0
random_06,point,0.5,1,662.0,10.513179004192352,-34.98513624072075,21.409589797258377,1.0000000921981211,249.24233743392415,918.4917075799603,2,2,0
random_07,point,0.5,1,662.0,7.989542558789253,16.650132834911346,12.093007564544678,1.0000000921981211,245.84384615595098,527.9958372739202,2,2,0
random_08,point,0.5,1,662.0,-10.393732227385044,29.643122106790543,8.282752707600594,1.0000000921981211,248.57719429283452,818.4927651200269,2,2,0
random_09,point,0.5,1,662.0,2.8425967320799828,-2.7007085736840963,4.328134935349226,1.0000000921981211,65.7230197133726,125.0000565278242,2,2,0
random_10,point,0.5,1,662.0,6.3118296675384045,-18.797388300299644,4.8461491242051125,1.0000000921981211,248.62964745001972,619.4948696247593,2,2,0
random_11,point,0.5,1,662.0,36.75777092576027,-8.126244880259037,28.906820341944695,1.0000000921981211,249.97688009754825,1032.4905588277034,2,2,0
random_12,point,0.5,1,662.0,21.60828560590744,1.242604455910623,25.218959897756577,1.0000000921981211,250.7031274417975,736.4936323028815,2,2,0
cloud,cloud,0.5,27,662.0,16.925,0.0,15.833333,0.9999996312075151,250.6727541269588,557.9955200119002,54,54,0
diffusion,diffusion,0.5,27,662.0,16.925,0.0,15.833333,0.9999996312075151,250.13509472493138,560.9954882856982,54,54,0
diffusion_repulsion,diffusion_repulsion,0.5,27,662.0,16.925,0.0,15.833333,0.9999996312075151,251.11197067715176,566.4954301209946,54,54,0
multisite,multisite,0.5,2,662.0,16.925,0.0,15.833333,1.0000000921981211,297.8346794539819,656.4944783349347,4,4,0
check_cloud_seed_1,diffusion_repulsion,0.5,27,662.0,16.925,0.0,15.833333,0.9999996312075151,250.59390841488948,562.4954724225972,54,54,0
check_cloud_seed_2,diffusion_repulsion,0.5,27,662.0,16.925,0.0,15.833333,0.9999996312075151,252.3557814844786,562.9954671348969,54,54,0
check_cloud_48,diffusion_repulsion,0.5,52,662.0,16.925,0.0,15.833333,1.0000005531887273,250.67350743623143,567.9954142578936,104,104,0
check_seed_replay,diffusion_repulsion,0.5,27,662.0,16.925,0.0,15.833333,0.9999996312075151,251.11197067715176,566.4954301209946,54,54,0
two_wide_equal,multisite,0.5,2,662.0,-10.393732227385044,29.643122106790543,8.282752707600594,1.0000000921981211,376.05140317922405,1032.4905588277034,4,4,0
two_wide_unequal,multisite,0.5,2,662.0,-10.393732227385044,29.643122106790543,8.282752707600594,1.0000000921981211,403.3281685638307,1032.4905588277034,4,4,0
two_nearby,multisite,0.5,2,662.0,28.010981157422066,-0.7615069043822587,27.32367068529129,1.0000000921981211,324.9176963100206,874.9921676098893,4,4,0
two_depth,multisite,0.5,2,662.0,2.8425967320799828,-2.7007085736840963,4.328134935349226,1.0000000921981211,987.9133989413469,1032.4905588277034,4,4,0
three_spread,multisite,0.5,3,662.0,23.835044354200363,11.233819648623466,24.329742416739464,1.0000000921981211,336.30388036090983,818.4927651200269,6,6,0
three_dominant,multisite,0.5,3,662.0,23.835044354200363,11.233819648623466,24.329742416739464,1.0000000921981211,298.87656977845154,818.4927651200269,6,6,0
three_depth,multisite,0.5,3,662.0,2.8425967320799828,-2.7007085736840963,4.328134935349226,1.0000000921981211,962.9512554369157,1032.4905588277034,6,6,0
